and;conj. và
associated;adj. có liên quan
autumn;n. mùa thu
chicken;n. gà, thịt gà
claim;v. đòi, đòi quyền, nhận là, tự cho là
counter;n. kệ bếp, quầy tính tiền
determination;n. sự quyết tâm
domestic;adj. nội địa
driver;n. người lái xe (ô tô)
editor;n. biên tập viên
faint;v. ngất xỉu
fund;n. quỹ (tiết kiệm hoặc dùng cho một hoạt động cụ thể)
future;n. tương lai
happy;adj. hạnh phúc, vui vẻ
herself;prop. chính cô ta
morning;n. sáng
nowhere;adv. không nơi nào, không ở đâu
pack;n. túi chườm
pair;n. cặp, đôi
polish;n. chất đánh bóng
pour;v. đổ, rót
presumably;adv. có lẽ
reader;n. sách đọc thêm (phục vụ việc học ngôn ngữ)
ruined;adj. bị hủy hoại, phá hỏng
seal;n. con hải cẩu
shelf;n. giá sách
spite;n. sự ác ý
squeeze;n. sự ép, vắt, nén
stressed;adj. rất lo lắng, mệt mỏi
student;n. học sinh, sinh viên
always;adv. luôn luôn
breakfast;n. bữa ăn sáng, điểm tâm
computer;n. máy vi tính
convert;v. chuyển đổi
devoted;adj. tận tâm
ensure;v. bảo đảm
excitement;n. sự hào hứng, phấn khích
export;v. xuất khẩu
fire;n. lửa
highway;n. đường cao tốc, quốc lộ
ice;n. nước đá
level;n. cấp, cấp bậc, trình độ
location;n. vị trí
loosely;adv. lỏng, lỏng lẻo (nghĩa bóng)
never;adv. chưa bao giờ
political;adj. liên quan đến chính phủ, nhà nước
regular;adj. đều đều, không thay đổi, thường lệ
reward;n. tiền thưởng, vật thưởng (làm việc chăm chỉ...)
risk;n. nguy cơ, sự nguy hiểm, sự rủi ro
shape;n. hình dáng
soul;n. linh hồn
studio;n. phòng thu
suffer;v. bị, chịu, chịu đựng, khổ sở vì
team;n. đội
thought;n. đã nghĩ
three;cardinal no. số ba
toilet;n. phòng vệ sinh
border;v. tiếp giáp với, giáp với
box;n. hộp
chair;n. ghế tựa
difference;n. sự khác nhau
director;n. giám đốc
excluding;prep. ngoại trừ
fresh;adj. mùi tươi mới
hammer;v. rèn 
height;n. chiều cao, đỉnh cao
improvement;n. sự cải thiện, sự trau dồi (trí tuệ, kiến thức...)
irritated;adj. bực mình, tức giận
load;v. chất hàng
magazine;n. tạp chí
nail;n. móng (tay, chân)
offer;n. đề xuất, đề nghị, chào mời, chào hàng
one;cardinal no. số một
opposing;adj. đối chọi, trái ngược nhau
plan;n. kế hoạch, dự án
pronounce;v. phát âm
properly;adv. một cách phù hợp
prospect;n. viễn cảnh, triển vọng
rightly;adv. đúng đắn, có lí
salt;n. muối
shift;v. chuyển dịch 
stick;v. dính
string;n. sợi dây
taste;n. vị giác, nếm, sở thích, thị hiếu
technical;adj. kĩ thuật, thuộc về cơ khí và khoa học ứng dụng
therefore;adv. vì vậy
advanced;adj. tiên tiến
ally;n. nước đồng minh
art;n. mỹ thuật
attach;v. đính kèm, kèm theo
bottle;n. chai
chief;n. người có cấp bậc cao nhất trong một tổ chức, một cơ quan
complicate;v. làm phức tạp, làm rắc rối
create;v. tạo ra
dead;adj. chết (người, vật, cây cối)
declare;v. tuyên bố, công bố
dictionary;n. từ điển
dissolve;v. hoà tan, tan ra
elsewhere;adv. ở nơi nào khác
empty;adj. trống, trống không
fee;n. lệ phí, thù lao
housing;n. nhà ở (nói chung)
naturally;adv. cố nhiên, đương nhiên
new;adj. mới
normally;adv. thường xuyên, thông thường
pole;n. cái sào (để chống thuyền..), cọc (để căng lều..), cột (cờ..)
rather;adv. hơi, khá (diễn tả sự chỉ trích, thất vọng, ngạc nhiên)
rest;n. sự nghỉ ngơi
retain;v. giữ lại, tiếp tục có
royal;adj. thuộc hoàng gia
rubbish;n. rác, rác rưởi
substitute;v. thay thế
succeed;v. thành công
tank;n. bể cá, bể nước
thorough;adj. kỹ lưỡng, tỉ mỉ
track;n. đường, hướng đi
altogether;adv. tổng cộng, tính gộp lại
apart;adv. riêng một bên, xa ra
article;n. bài báo
attempt;v. cố gắng, thử
camp;v. cắm trại
castle;n. lâu đài
connection;n. sự kết nối
drugstore;n. hiệu thuốc tây
dry;adj. khô
electrical;adj. (thuộc về) điện, dùng, tạo ra điện
embarrassment;n. cảm giác ngượng, bối rối
encourage;v. khuyến khích, động viên
exercise;n. các hoạt động thể lực, tinh thần để rèn luyện sức khỏe, sự tập luyện, bài thể dục
expression;n. sự biểu lộ, biểu hiện
family;n. gia đình
form;n. mẫu đơn
girl;n. con gái
goods;n. hàng hóa
helpful;adj. hữu ích, nhiệt tình
image;n. hình ảnh
iron;v. là (quần áo)
joke;n. lời nói đùa, chuyện đùa
journalist;n. nhà báo
lump;n. cục, tảng, miếng
mall;n. khu thương mại
ourselves;prop. chính chúng tôi
pension;n. lương hưu
performance;n. buổi biểu diễn, sự trình diễn
reform;v. đổi mới
requirement;n. yêu cầu
active;adj. hăng hái, năng động
apologize;v. xin lỗi
bell;n. cái chuông
category;n. loại, hạng
change;v. thay đổi
comfortable;adj. thoải mái
commission;n. tiền hoa hồng
culture;n. văn hóa (của một nhóm hoặc tổ chức)
derive from;v. bắt nguồn từ
dozen;n. một tá (12 cái)
exactly;adv. chính xác
finance;n. tài chính
floor;n. tầng, lầu
lemon;n. chanh vàng
live;v. sống, sinh sống
low;adj. thấp
million;n. triệu
nation;n. quốc gia, đất nước
pattern;n. mẫu vẽ, họa tiết
power;n. điện, năng lượng
restore;v. hồi phục, khôi phục lại
salary;n. lương hàng tháng
shop;n. cửa hàng, cửa hiệu
steel;n. thép
technique;n. kĩ thuật, phương pháp
tooth;n. răng
twist;n. sự vặn, xoay
unwilling;adj. không sẵn lòng hoặc không muốn làm gì
valuable;adj. quý giá
village;n. làng
ability;n. năng lực, khả năng, tài năng
anywhere;adv. (dùng thay cho somewhere, trong câu phủ định và câu hỏi)
approximately;adv. khoảng, gần như
blue;adj. xanh da trời
boring;adj. buồn tẻ
busy;adj. bận rộn
calculate;v. tính, tính toán
cigarette;n. thuốc lá
cloud;n. mây, đám mây
concept;n. khái niệm
confident;adj. tự tin, tin tưởng
crash;v. va chạm, đâm sầm
describe;v. miêu tả
discuss;v. thảo luận, tranh luận (một vấn đề gì)
disgusting;adj. cực kì khó chịu, ghê tởm
e.g.;abbreviation. ví dụ (viết tắt của "exempli gratia")
fifth;ordinal no. thứ năm
grandmother;n. bà (nội hoặc ngoại)
guy;n. anh chàng, gã
him;зкщз. anh, cậu, ông...ấy (tân ngữ, đứng sau động từ hoặc giới từ)
motorbike;n. xe máy, xe mô- tô
name;n. tên
own;v. có, sở hữu
progress;n. sự tiến bộ, sự tiến triển
rarely;adv. hiếm khi, ít khi
recording;n. âm thanh, hình ảnh được ghi trên CD, DVD, video...
roof;n. nóc
separate;v. chia, tách
sister;n. chị gái, em gái
soup;n. xúp
Mrs;abbreviation. (đứng trước họ, tên đầy đủ của một người phụ nữ đã lập gia đình)
amusing;adj. vui, thú vị
assure;v. quả quyết, đảm bảo
awkward;adj. lúng túng, khó xử
bay;n.ph. vịnh
bubble;n. bong bóng, bọt
continue;v. tiếp tục, duy trì
course;n. khóa học
demand;n. nhu cầu
diary;n. nhật ký
die;v. chết, qua đời
enemy;n. kẻ thù, kẻ địch
equivalent;adj. tương đương
exhibit;n. vật trưng bày, vật triển lãm
flavour;n. mùi vị
hat;n. mũ
miss;v. thấy nhớ (ai đó)
operate;v. vận hành, làm cho hoạt động
pop;v. nổ bốp
remind;v. nhắc nhở
scheme;n. kế hoạch, mưu đồ
shift;v. chuyển dịch 
shoe;n. giày
tap;n. vòi nước
theatre;n. nhà hát
thickly;adv. dày, thành lớp dày
thin;adj. gầy, mỏng
traffic;n. sự đi lại, giao thông
unsteady;adj. lảo đảo, không vững
walk;v. đi bộ
accept;v. nhận, chấp nhận
apparent;adj. rõ ràng
assist;v. giúp đỡ, có mặt
beautiful;adj. xinh đẹp
conclude;v. kết luận, quyết định
covered;adj. được phủ bởi, có lớp gì ở trên
deliberately;adv. (một cách) cố ý
dirt;n. bụi bẩn
discussion;n. cuộc thảo luận
economic;adj. (thuộc về) kinh tế
euro;n. đơn vị tiền tệ của một số quốc gia Liên minh châu Âu
few;determiner. ít (dùng với danh từ số nhiều và động từ số nhiều)
fundamental;adj. cơ bản, chủ yếu
giant;adj. to lớn, khổng lồ
himself;prop. chính anh ta
irritate;v. kích thích, làm tấy lên, làm rát
judgement;n. sự phán xét, đánh giá
jump;v. nhảy, cú nhảy
management;n. (sự) quản lý, quản trị
net;adj. thuần, ròng, tịnh, thực
object;n. vật thể
peace;n. sự hòa bình, sự hòa thuận
plug;v. cắm vào, bít (lỗ) lại
resist;v. kháng cự, chống lại
shocking;adj. sốc
split;n. sự chia bè phái, chia rẽ
story;n. câu chuyện
tail;n. đuôi, cái đuôi
ten;cardinal no. số mười
unkind;adj. không tử tế, không tốt
acceptable;adj. chấp nhận được, có thể cho phép
beat;n. nhịp, cú đánh, tiếng động của cú, nhịp đó
cheaply;adv. rẻ, không tốn nhiều tiền
cheque;n. séc
click;v. kích chọn một chức năng trên màn hình vi tính
convention;n. quy ước
curly;adj. quăn, xoăn (tóc)
do;v. làm
easily;adv. một cách dễ dàng
eastern;adj. ở phía Đông
error;n. lỗi, sai lầm
fat;adj. béo, mập
funeral;n. lễ tang
lecture;n. bài nói chuyện về một đề tài nào đó, bài giảng, bài thuyết trình
light;adj. sáng sủa
lively;adj. năng nổ, hoạt bát
locate;v. đặt tại, nằm ở
pay;v. trả, đưa
pencil;n. bút chì
previous;adj. trước
release;v. phát hành
rule;n. quy tắc, phép tắc
search;n. cuộc tìm kiếm, thăm dò
seventeen;cardinal no. số mười bảy
survive;v. sống sót
sympathetic;adj. đồng cảm, thông cảm
thing;n. điều
twenty;cardinal no. số hai mươi
unsuccessful;adj. không thành công
upset;adj. buồn phiền, thất vọng
beneath;n. ở dưới
chemical;n. chất hóa học, hóa chất
church;n. nhà thờ
confirm;v. xác nhận
county;n. hạt, tỉnh (đơn vị hành chính ở Anh, Ireland hoặc Mĩ)
deliberate;adj. thong thả, cố ý, chủ tâm
department;n. phòng, ban, bộ
five;cardinal no. số năm
fridge;n. tủ lạnh
implication;n. hậu quả, ảnh hưởng
independent;adj. độc lập, không phụ thuộc
insurance;n. bảo hiểm
light;adj. sáng sủa
likely;adj. có khả năng, có thể
quite;adv. tương đối, khá
reckon;v. nghĩ là, cho rằng
refusal;n. sự, lời từ chối
represent;v. đại diện, tượng trưng cho
solid;adj. cứng, rắn
sun;n. mặt trời
swimming pool;n. bể bơi
teacher;n. giáo viên
them;prop. họ
ultimate;adj. cuối cùng
ultimately;adv. cuối cùng, sau cùng
university;n. đại học
unload;v. dỡ hàng
via;prep. qua nơi nào
voice;n. giọng nói
we;pron. chúng tôi, chúng ta
OK;adj. an toàn và khỏe mạnh, hạnh phúc
considerable;adj. đáng kể, lớn
credit card;n. thẻ tín dụng
crucial;adj. cốt yếu, chủ yếu, có tính quyết định
genuine;adj. chân thực, xác thực
key;adj. chìa khóa
literature;n. văn học
nicely;adv. một cách hấp dẫn, đẹp, tốt
paint;v. sơn
park;n. công viên
pride;n. sự tự hào
sadness;n. nỗi buồn
seem;v. có vẻ như, dường như
session;n. kỳ họp, buổi họp
shell;n. vỏ (ốc, sò)
sort;v. sắp xếp, phân loại
spicy;adj. cay nồng
start;v. bắt đầu
tackle;v. giải quyết, xử lí
trip;n. chuyến đi, chuyến du ngoạn
tunnel;n. đường hầm
understand;v. hiểu, thông cảm
unfair;adj. không công bằng
unknown;adj. chưa biết, xác định được
week;n. tuần lễ
wrapping;n. giấy (bao bì, vải...) bọc hoặc phủ cái gì
yellow;adj. vàng
angry;adj. giận dữ
apartment;n. căn hộ
cap;n. mũ lưỡi trai
cell phone;n. điện thoại di động
deaf;adj. điếc, không nghe thấy được
desperate;adj. tuyệt vọng
determined;adj. quyết tâm
disc;n. đĩa hát
elderly;adj. cao tuổi, có tuổi
emergency;n. khẩn cấp, tình trạng
flash;n. đèn nháy
foundation;n. kem nền
free;adj. rảnh rỗi
gear;n. hộp số (xe cộ)
get;v. có được, nhận được
his;poss. adj. của anh ấy, của cậu ấy, của chú ấy,của ông ấy,...
impose;v. bắt chịu, bắt gánh vác
kiss;v. hôn
largely;adv. rất lớn, phần lớn, chủ yếu
monitor;v. quan sát, theo dõi
operation;n. ca phẫu thuật
personal;adj. cá nhân
responsibility;n. trách nhiệm, bổn phận
rudely;adv. một cách thô lỗ
scratch;n. sự trầy da, vết thương nhẹ, vết xước
share;n. một phần (được phân chia giữa 2 hay nhiều người)
sky;n. trời
the Web;n. mạng (Internet)
tongue;n. lưỡi
toy;n. đồ chơi
alter;v. thay đổi, làm cho cái gì đó thay đổi
butter;n. bơ
classic;n. (sách, phim, bài hát) kinh điển
eighth;ordinal no. thứ tám
elbow;n. khuỷu&nbsp, tay
eye;n. mắt
fact;n. thực tế, sự thật hiển nhiên
fasten;v. đóng, cài
feed;v. cho ăn
go;v. đi
hurry;n. Nhanh lên!
indeed;adv. thực sự (dùng để nhấn mạnh)
island;n. đảo
land;n. đất
live;v. sống, sinh sống
manufacturer;n. nhà sản xuất
measurement;n. sự đo lường
organ;n. bộ phận (trên cơ thể, cây cối)
packaging;n. bao bì
poetry;n. thi ca
professor;n. giáo sư
promote;v. khuyến khích, đẩy mạnh, làm tăng thêm
purpose;n. mục đích
record;n. hồ sơ, sổ sách, biên bản
salty;adj. mặn, có nhiều muối
sector;n. khu vực, lĩnh vực
shiny;adj. sáng bóng
ship;v. vận chuyển
show;v. cho thấy, cho xem
social;adj. có tính xã hội
Tuesday;n. thứ Ba
acid;n. a-xít (một chất hóa học, thường ở dạng lỏng, pH&lt,7)
add;v. thêm vào
alone;adj, adv. một mình
careless;adj. bất cẩn
cut;v. đốn, cắt, chặt
dark;adj. tối
directly;adv. thẳng, trực tiếp
divorce;v. li hôn
excuse;n. lời xin lỗi
gamble;v. đánh bạc, cá cược
honestly;adv. một cách trung thực
later;adv. sau, sau đó
nest;n. tổ chim
packet;n. gói nhỏ, hộp nhỏ
clap;v. vỗ, vỗ tay
clerk;n. thư kí
dare;v. Dám, dám đương đầu với
enable;v. giúp, cho phép
engineer;n. kỹ sư
farmer;n. nông dân
fashionable;adj. hợp thời trang, theo mốt
fur;n. lông, bộ lông
heavily;adv. rất lớn, rất nhiều
insult;n. điều lăng mạ, xúc phạm
interval;n. khoảng thời gian giữa hai sự kiện
jewellery;n. trang sức
life;n. cuộc sống
light;adj. sáng sủa
narrow;v. thu hẹp, co lại
no one;prop. không một ai
perform;v. biểu diễn, trình diễn
pursue;v. đuổi theo, đi theo, theo đuổi
recent;adj. gần đây, mới đây
send;v. gửi đi
seventy;no. bảy mươi
sex;n. giới tính
shine;v. Chĩa ánh sáng (đèn pin..) về một hướng nào đó
skill;n. kỹ năng, kỹ xảo
somewhat;adv. hơi, một chút
spring;n. mùa xuân
still;adv. vẫn, vẫn còn
agreement;n. sự đồng ý, thỏa thuận với nhau
attached;adj. gắn bó với
behave;v. ứng xử
ceremony;n. nghi lễ
challenging;adj. thử thách, có tính thử thách
consider;v. xem như
cry;v. kêu, la, hét
disabled;adj. không có khả năng sử dụng chân tay, người tàn tật
earn;v. kiếm được (tiền...)
encounter;n. cuộc chạm trán (đột ngột, bất ngờ hoặc có bạo lực)
feeling;n. cảm giác
happen;v. Xảy ra
human;n. con người, loài người
indication;n. dấu hiệu nhận biết, chỉ báo
insulting;adj. lăng mạ, xúc phạm
jeans;n. quần bò
like;v. thích
mid-;combining form. ở giữa
much;adv. nhiều
occur;v. xảy ra
possess;v. có, sở hữu
refrigerator;n. tủ lạnh
respect;n. tộn trọng, kính trọng, khâm phục
rough;adj. gồ ghề, nhám, xù xì, lởm chởm
seek;v. tìm kiếm
smoke;v. hút (thuốc)
stone;n. đá cục
swallow;v. nuốt, tiêu hóa
swearing;n. lời nguyền rủa, chửi rủa
unhappy;adj. Không hài lòng, không vui
afternoon;n. chiều
arm;n. cánh tay
bank;n. ngân hàng
base;n. nền, cơ sở
card;n. thẻ
comedy;n. hài kịch, phim hài
criticize;v. phê bình, chỉ trích
crop;n. vụ, mùa, cây trồng
easy;adj. dễ
egg;n. trứng
fifty;no. năm mươi
ignore;v. bỏ qua, phớt lờ
impact;n. sự tác động mạnh, ảnh hưởng mạnh
instruction;n. lời chỉ dẫn, hướng dẫn
most;adv. phần lớn
national;adj. thuộc về quốc gia
noisy;adj. ồn ào
pink;n. màu hồng
ring;n. sàn đấu (boxing)
scream;v. kêu thét, la hét
solid;adj. cứng, rắn
song;n. bài hát
swelling;n. sự sưng, phồng
tape;n. băng
unconscious;adj. bất tỉnh
value;v. đánh giá, định giá
warm;adj. ấm, ấm áp
weapon;n. vũ khí
why;adv. tại sao, vì sao
you;pron. bạn, các bạn, anh, các anh, ông, ...
chest;n. ngực
could;modal verb. có thể
cream;n. kem (lấy từ sữa)
debate;v. thảo luận, tranh luận
degree;n. bằng cấp
desert;n. sa mạc
disapprove;v. không tán thành, phản đối
envelope;n. phong bì
ex-;prefix. trước đây
friendship;n. tình bạn
make-up;n. đồ trang điểm
measure;v. đo
mineral;n. khoáng chất, khoáng sản
mostly;adv. chủ yếu, hầu hết
onto;prep. (dùng với động từ để thể hiện sự chuyển động đến một nơi, vị trí nào)
property;n. tài sản
sack;n. sự sa thải
scene;n. cảnh tượng, hiện trường
sensible;adj. khôn ngoan
sheet;n. khăn trải giường
son;n. con trai
spiritual;adj. thuộc về tinh thần
spoon;n. cái thìa
star;n. ngôi sao
step;n. bước đi, tiếng bước chân
stress;v. làm căng thẳng
sum;n. khoản tiền, số tiền
the;definite article. mạo từ xác định, đề cập đến người, vật đã được nhắc trước đó hoặc có thể hiểu được
though;adv. mặc dù vậy (đặc biệt nằm ở cuối câu)
ton;n. đơn vị đo khối lượng, long ton = 2240 pounds (Anh), short ton = 2000 pounds (Mĩ)
as;conj. khi
car;n. xe ô tô
cent;n. đồng xu (1 đô la Mĩ = 100 xu)
cheek;n. má
couple;n. cặp, đôi
extra;adv. cộng thêm, nhiều hơn nữa
fellow;adj. dùng để chỉ người cùng hoàn cảnh
greatly;adv. rất nhiều
hurt;v. làm bị thương, làm đau
index;n. mục lục (Sách thư viện)
neighbourhood;n. hàng xóm, vùng lân cận
note;n. lời ghi chú
pint;n. (đơn vị đo chất lỏng và một số hàng hóa khô)
pollution;n. sự ô nhiễm
sing;v. hát
struggle;v. đấu tranh
sufficient;adj. đủ, đủ dùng (cho một việc hay mục đích nào đó)
supply;n. ‹sự/đồ/nguồn/_› dự trữ, tiếp tế cấp
totally;adv. hoàn toàn
unlike;prep. không giống như, khác với
virtually;adv. gần như, hầu như
warning;n. sự cảnh báo 
white;adj. trắng
wise;adj. khôn ngoan, sáng suốt
wonder;n. kỳ quan
wonderful;adj. tuyệt vời, kỳ diệu, tuyệt diệu
worrying;adj. đáng lo lắng
zero;number. số không
May;n. tháng Năm
alternatively;adv. hoặc là
appear;v. xuất hiện
attitude;n. thái độ
camping;n. sự cắm trại
efficient;adj. có hiệu quả, có hiệu suất, có năng suất (cao)
entrance;n. lối vào, cổng
equal;adj. bằng
existence;n. sự tồn tại, sự có mặt
fame;n. tiếng tăm, danh tiếng
fishing;n. câu cá
football;n. môn bóng đá
grocery;n. cửa hàng tạp hóa
hole;n. cái lỗ, cái hố
increase;v. tăng
lead;v. dẫn đường, dẫn dắt
model;n. mô hình, mẫu
mother;n. mẹ, má
obviously;adv. ‹một cách› rõ ràng, hiển nhiên (clearly, evidently)
order;n. đơn đặt hàng
pepper;n. hạt tiêu
some;det. một vài
strain;n. gánh nặng, áp lực
superior;n. người có vị thế, cấp bậc cao hơn, cấp trên
system;n. hệ thống, chế độ
task;n. nhiệm vụ
teaching;n. công việc giảng dạy
tonne;n. tấn (đơn vị đo khối lượng, 1 tấn = 1000 kilogam)
trade;n. thương mại
tradition;n. truyền thống
alarmed;adj. lo lắng
anyone;prop. bất cứ ai
arm;n. cánh tay
at;prep. ở, tại
bring;v. mang
candy;n. kẹo
capable;adj. có tài, có năng lực giỏi
characteristic;n. đặc trưng, đặc điểm, đặc thù, cá biệt
charge;v. tính phí
colleague;n. đồng nghiệp
entertain;v. giải trí
factor;n. nhân tố, yếu tố
fun;adj. n. vui, cuộc vui
gradual;adj. từ từ
grey;n. màu xám
hang;v. treo
hire;v. thuê, mướn, tiền trả công
inevitably;adv. chắc chắn
innocent;adj. vô tội
media;n. truyền thông
pig;n. lợn
planning;n. sự hoạch định
program;v. lập trình
progress;n. sự tiến bộ, sự tiến triển
pub;n. quán rượu
rush;n. sự vội vàng, hối hả
strong;adj. khỏe, mạnh, tốt, bền, kiên cố, đanh thép, kiên quyết, sôi nổi, nhiệt tình...
swim;v. bơi
translate;v. chuyển sang, biến thành
us;prop. chúng tôi, chúng ta (tân ngữ, đứng sau động từ, giới từ, động từ "be")
December;n. tháng Mười Hai
bowl;n. cái bát, cái tô
broadly;adv. nói chung
candidate;n. ứng cử viên, thí sinh, người dự tuyển
concern;n. mối quan tâm, lo lắng
content;adj. bằng lòng, hài lòng
curl;n. lọn tóc quăn
dishonest;adj. không trung thực
downstairs;adv. xuống cầu thang
drunk;adj. say rượu
expensive;adj. đắt
familiar;adj. quen thuộc, thông thường
fly;n. con ruồi
gentleman;n. người đàn ông phong nhã, quý phái
grade;n. lớp (xét về trình độ)
hour;n. giờ, tiếng đồng hồ
limit;n. giới hạn, hết hạn dùng
moral;adj. đạo đức
mountain;n. núi
no;exclam. Không.
outdoors;adv. ở ngoài trời, ở ngoài nhà
passing;adj. thoáng qua, ngắn ngủi
probably;adv. có thể, có lẽ
rounded;adj. có hình tròn
sail;v. đi tàu, điều khiển/ lái thuyền buồm
stable;adj. ổn định
stage;n. trình diễn, dàn cảnh, sắp xếp, tổ chức
still;adv. vẫn, vẫn còn
touch;v. đụng, chạm
transfer;v. chuyển
a.m.;abbreviation. (thời gian) giữa nửa đêm và 12 giờ trưa
address;v. nhằm vào, trình bày
alive;adj. sống, còn sống
camera;n. máy ảnh, máy quay phim
carpet;n. thảm
cooking;n. nấu nướng
cotton;n. vải sợi bông
decorate;v. trang trí
defeat;v. đánh bại, vượt qua
different;adj. khác
except;prep. ngoại trừ
game;n. trò chơi
garden;n. khu vườn
gradually;adv. dần dần
health;n. sức khỏe
horizontal;adj. ngang, nằm ngang
institution;n. học viện, tổ chức lớn
off;prep. ra khỏi, cách xa
patient;n. bệnh nhân
photocopy;v. sao chụp, sao chép
population;n. dân số, dân cư
realize;v. nhận ra, nhận thức
relatively;adv. tương đối
remains;n. phần còn dư, thừa
restriction;n. sự hạn chế, giới hạn
ruin;v. hủy hoại, phá hỏng
speaker;n. diễn giả, người diễn thuyết
take;v. đưa, đưa đi, mang theo
tiring;adj. mệt mỏi, mệt nhọc
upside down;adv. lộn ngược, đảo ngược
abuse;v. lạm dụng, sử dụng quá nhiều dẫn đến hại sức khỏe
coffee;n. cà phê
connect;v. Kết nối
deal;n. sự giao dịch
debt;n. nợ, món nợ
display;v. hiển thị, trình bày 
emotional;adj. xúc động, dễ cảm động
essay;n. bài tiểu luận
faucet;n. vòi nước (tiếng Anh Mỹ)
gallon;n. đơn vị đo chất lỏng (ở Anh, Canada và một số nước khác, 1 gallon = 4.5 lít, ở Mĩ 1 gallon = 3.8 lít)
green;adj. xanh lá cây
hospital;n. bệnh viện
ill;adj. Đau yếu, ốm
letter;n. lá thư
level;n. cấp, cấp bậc, trình độ
machinery;n. máy móc
mean;v. nghĩa là, có nghĩa là
mine;prop. của tôi
pipe;n. ống dẫn
pretty;adv. khá
prime minister;n. thủ tướng
print;v. in ấn
railway;n. đường sắt, đường xe lửa
regarding;prep. đối với (vấn đề...), về phần
role;n. vai, vai trò
secure;adj. chắc chắn, an toàn
shallow;adj. cạn, nông, không sâu
water;n. nước
wear;v. mang, đeo, mặc
after;prep. sau, sau khi
any;determiner. (dùng với danh từ không đếm được hoặc danh từ số nhiều trong câu phủ định và câu hỏi, sau "if" hoặc "whether", và sau một số động từ như prevent, ban, forbid,... để đề cập đến một số lượng nào đó, dù nhỏ hay lớn)
approach;v. tiếp cận, tiến lại gần
ashamed;adj. xấu hổ, hổ thẹn
continuous;adj. liên tục, không dứt
elevator;n. thang máy
firmly;adv. một cách chắc chắn, dứt khoát
glove;n. găng tay
host;n. chủ nhà 
invention;n. phát minh
iron;v. là (quần áo)
joint;adj. chung, cùng
knife;n. dao
living;adj. (còn) sống
lock;v. khóa
output;n. sản lượng, đầu ra
person;n. người (một người)
physics;n. môn Vật Lý
rank;n. thứ hạng
relaxed;adj. thanh thản, thoải mái
shaped;adj. có hình dạng
shut;v. đóng, gập lại, nhắm (mắt)
soil;n. đất
sore;adj. đau
spring;n. mùa xuân
surely;adv. chắc chắn
tomato;n. cà chua
visible;adj. có thể nhìn thấy được
willing;adj. sẵn lòng, sẵn sàng
youth;n. tuổi trẻ, tuổi xuân
against;prep. chống lại
arise;v. nảy sinh, phát sinh
behaviour;n. thái độ, hành vi, cách cư xử, cách đối xử, cách ăn ở
benefit;n,. lợi ích
cabinet;n. nội các, chính phủ
conservative;adj. bảo thủ
core;n. lõi, hạch (trái cây)
count;v. đếm, tính
deal with something;v. giải quyết, thực hiện (nhiệm vụ gì đó,...)
eight;cardinal no. số tám
What;pron. gì, cái gì
emerge;v. đi ra từ một nơi tối, hạn hẹp hay ẩn, nổi lên, hiện ra
fetch;v. tìm về, mang về
hot;adj. nóng
liquid;n. chất lỏng
matching;adj. đồng bộ, xứng nhau (về màu sắc, kiểu dáng, ...)
mental;adj. (thuộc về) trí óc
neat;adj. gọn gàng, được làm, sắp xếp một cách cẩn thận
next to;prep. bên cạnh
pause;n. sự tạm nghỉ, ngưng
president;n. hiệu trưởng, chủ tịch
seven;cardinal no. số bảy
short;adj. thấp, ngắn
significantly;adv. nhiều, to lớn, quan trọng
space;n. không gian
suited;adj. phù hợp
tax;n. thuế
threatening;adj. gây đe dọa
wet;adj. ướt
your;poss. adj. của bạn, của các bạn, của anh ...
annual;adj. hàng năm
assistance;n. sự giúp đỡ, hỗ trợ
boss;n. chủ
design;n. kiểu dáng, thiết kế
equipment;n. thiết bị
flu;n. cúm, bệnh cúm
intended;adj. được mong đợi
mail;v. gửi thư
night;n. đêm
occupy;v. chiếm giữ, ở, cư ngụ
opposite;prep. đối diện
quarter;n. 1/4, 15 phút
representative;n. người đại diện, đại diện
rise;v. mọc (mặt trời), nhô lên
section;n. bộ phận, phòng, ban
shame;n. sự xấu hổ, hổ thẹn
shout;v. la hét, reo hò
sincere;adj. chân thành
start;v. bắt đầu
test;v. bài thi
than;conj. hơn
thickness;n. độ dày
topic;n. chủ đề
total;adj. n. tổng cộng
unimportant;adj. không quan trọng
urge;v. thúc giục, khuyến cáo
urgent;adj. cấp bách, khẩn cấp
usual;adj. thường lệ
western;adj. ở phía tây
wrong;adv. sai
alphabet;n. bảng chữ cái
business;n. kinh doanh
by;prep. bên cạnh
chop;v. băm nhỏ
closed;adj. đã đóng
complaint;n. lời than phiền, đơn khiếu nại
cough;v. ho
cousin;n. anh, chị, em họ
dark;adj. tối
early;adv. sớm
forward;v. phía trước
freeze;v. (làm) đóng băng, đông lại
mixture;n. sự pha trộn, kết hợp
our;poss. adj. của chúng tôi
past;past. qua (khi nói giờ)
personally;adv. theo ý kiến cá nhân tôi
pitch;n. sân (thể thao)
relax;v. thư giãn
respect;n. tộn trọng, kính trọng, khâm phục
result;n. kết quả, đáp số
right;n. bên phải
summary;n. (bài, bản) tóm tắt
tendency;n. xu hướng, khuynh hướng
threaten;v. đe doạ
timetable;n. thời khóa biểu
tool;n. dụng cụ
unit;n. đơn vị
version;n. phiên bản
vision;n. tầm nhìn
yeah;exclamation. vâng
angle;n. góc
climate;n. khí hậu
cycling;n. đạp xe đạp
depressed;adj. chán nản, thất vọng
diamond;n. kim cương
disagree;v. không đồng ý, bất đồng
disappoint;v. làm thất vọng
everywhere;adv. ở mọi nơi, khắp nơi
following;prep. theo sau, là kết quả của một sự kiện gì
forever;adv. mãi mãi, vĩnh viễn
government;n. chính phủ
her;poss. adj. của cô ấy, của bà ấy, của em ấy,...
highlight;v. làm nổi bật
identify;v. nhận diện, nhận biết, xác định
infection;n. sự nhiễm bệnh
instrument;n. dụng cụ, công cụ
justify;v. giải trình 
mixed;adj. lẫn lộn, pha trộn
offence;n. hành động phi pháp
primary;adj. hàng đầu, chính
recognition;n. sự ghi nhận, sự công nhận
sentence;n. câu
serious;adj. nghiêm túc
snow;n. tuyết
towards;prep. về phía
undo;v. mở ra, tháo ra, cởi
useless;adj. vô dụng, vô ích
valid;adj. có giá trị, có hiệu lực
vote;n. lá phiếu, sự bỏ phiếu
wash;v. rửa, giặt
apart from;prep. ngoại trừ
atom;n. nguyên tử
broken;adj. gãy xương
career;n. nghề nghiệp, sự nghiệp
cow;n. bò cái
encouragement;n. khuyến khích, cổ vũ, niềm động viên
entire;adj. toàn bộ, hoàn toàn
especially;adv. đặc biệt
everything;prop. mọi thứ
furniture;n. đồ đạc trong nhà
gentle;adj. nhẹ nhàng, dịu êm
include;v. bao gồm
last;v. kéo dài
lend;v. cho mượn
look;v. nhìn
meaning;n. nghĩa, ý nghĩa
ocean;n. đại dương, biển
odd;adj. kì lạ, không bình thường
owner;n. người sở hữu
report;v. báo cáo, tường thuật
satisfaction;n. sự hài lòng, sự thỏa mãn,
separation;n. sự tách rời, tách biệt
share;n. một phần (được phân chia giữa 2 hay nhiều người)
sir;n. ngài
sound;v. nghe có vẻ, nghe như
support;v. ủng hộ, hỗ trợ
thousand;no. nghìn, ngàn
two;cardinal no. số hai
who;pron. ai
action;n. hành động, hoạt động
adequate;adj. đầy đủ
aid;v. hỗ trợ, giúp đỡ
bear;v. chịu đựng, cam chịu
beginning;n. đầu (thời gian nào) , phần mở đầu, sự khởi đầu (sự kiện, câu chuyện...)
bridge;n. cầu
clearly;adv. rõ ràng
cream;n. kem (lấy từ sữa)
damage;n. hư hỏng, hỏng hóc, thiệt hại vật chất
decrease;v. làm giảm
deposit;n. tiền đặt cọc
description;n. ‹sự› diễn tả, mô tả, diện mạo, hình dạng
entertainer;n. người làm trò tiêu khiển (hát, kể chuyện hài, nhảy múa...)
enthusiastic;adj. nhiệt tình, hào hứng
even;adj. huề vốn
eventually;adv. cuối cùng, rốt cuộc
explanation;n. lời giải thích, lí do
for;prep. dành cho
hatred;n. lòng căm thù, sự căm ghét
insist;v. khăng khăng, cố nài
jam;n. sự tắc nghẽn
list;n. danh sách
motor;n. động cơ, mô tơ
opportunity;n. cơ hội, thời cơ
orange;adj. cam
please;adv. làm ơn
probable;adj. có thể (xảy ra, tồn tại, đúng)
suffering;n. nỗi đau (thể chất hoặc tinh thần)
suspect;v. nghi ngờ, ngờ vực
approve;v. chấp thuận
conflict;n. cuộc xung đột
connected;adj. có liên quan
control;v. điều khiển, chỉ đạo
deserve;v. xứng đáng, đáng
dog;n. con chó
employ;v. thuê ai làm việc
evening;n. buổi tối
farthest;adj. ở xa nhất (không gian, phương hướng, thời gian)
future;n. tương lai
grandfather;n. ông (nội hoặc ngoại)
group;n. nhóm
heavy;adj. nặng
month;n. tháng
motorcycle;n. xe gắn máy
nearly;adv. hầu như, gần như
onion;n. hành, củ hành
point;v. chỉ ra điều gì
professional;adj. chuyên nghiệp
publicity;n. dư luận
resident;n. cư dân
responsible;adj. có trách nhiệm
rider;n. người cưỡi ngựa, lái xe (xe đạp, xe máy)
shot;n. phát đạn, cú sút
stop;v. dừng lại
subject;n. môn học
switch;v. chuyển đổi
term;n. học kỳ, thời hạn
useful;adj. hữu ích
window;n. cửa sổ
agree;v. đồng ý, bằng lòng
ahead;adv. phía trước
alphabetical;adj. theo thứ tự bảng chữ cái
already;adv. rồi
artificial;adj. nhân tạo
beautifully;adv. rất hay, rất đẹp
cancer;n. ung thư
cast;n. đổ bê tông
compete;v. đua tài, cạnh tranh
death;n. cái chết
emphasis;n. tầm quan trọng đặc biệt
flat;adj. phẳng
highlight;v. làm nổi bật
invent;v. phát minh, sáng chế
machine;n. máy, máy móc
membership;n. (việc là) thành viên
origin;n. nguồn gốc, lai lịch
raise;v. nâng lên, đưa lên
reduce;v. giảm, hạ
relation;n. mối quan hệ
save;v. tiết kiệm, cứu
steam;v. hấp
strike;n. cuộc đình công, cuộc bãi công
survey;n. cuộc khảo sát
swing;v. đu
top;adj. đỉnh
tough;adj. khó khăn
trial;n. vụ, việc, sự xét xử
unite;v. đoàn kết, hợp lại
wedding;n. lễ cưới
afford;v. có khả năng chi trả
afraid;adj. sợ
association;n. hội, hiệp hội
fast;adj. nhanh
fear;v. sợ, sợ hãi
gamble;v. đánh bạc, cá cược
manufacture;v. sản xuất, chế biến
married;adj. lập gia đình
material;n. vật liệu, chất liệu
meal;n. bữa ăn
nor;adv. và cũng không
occupied;adj. bận rộn
press;v. ấn, nhấn
squeeze;n. sự ép, vắt, nén
surprised;adj. ngạc nhiên
tenth;ordinal no. thứ mười
vacation;n. kỳ nghỉ
way;n. cách thức, phương pháp
whenever;conj. bất cứ khi nào
wood;n. gỗ
wooden;adj. làm bằng gỗ
write;v. viết
zone;n. vùng, khu vực (có một đặc trưng nào đó)
CD;n. viết tắt của từ "compact disc" - đĩa CD
actually;adv. thực sự
adult;n. người lớn, người đã trưởng thành
asleep;adj. ngủ, đang ngủ
coat;n. áo choàng
confused;adj. bối rối
continent;n. châu lục, lục địa
cry;v. kêu, la, hét
discipline;n. kỷ luật
dressed;adj. có mặc áo quần
explore;v. khảo sát, thăm dò, khám phá
firm;n. hãng, công ty
hers;prop. của cô (bà, chị,...) ấy
hungry;adj. đói bụng
interesting;adj. thú vị
knot;n. nút thắt
labour;n. công việc, nhất là công việc chân tay
least;adv. ít nhất
local;adj. mang tính địa phương
logic;n. cách suy nghĩ, giải thích điều gì
near;prep. gần
observe;v. quan sát, theo dõi
outline;n. đề cương, dàn bài
provided;conj. với điều kiện là, miễn sao là
relationship;n. mối quan hệ, mối liên hệ
risk;n. nguy cơ, sự nguy hiểm, sự rủi ro
routine;n. thói quen
row;n. hàng (ngang), hàng lối
shade;n. bóng râm
silence;n. sự im lặng, sự trầm lặng
accidental;adj. tình cờ
based;adj. được dựa trên
boil;v. đun sôi, luộc
carry;v. thực hiện
cease;v. dừng, ngừng
court;n. tòa án
dear;adj. thân, thân mến
edition;n. ấn bản, bản in
email;v. thư điện tử
exist;v. tồn tại, sống
forgive;v. tha thứ
house;n. ngôi nhà
invitation;n. lời mời
mention;v. nói đến, đề cập đếm, đề xuất
naked;adj. trần truồng
obey;v. tuân thủ
outside;adv. bên ngoài
penny;n. (đơn vị tiền tệ, đồng xu ở Anh, £1 = 100 pence)
pleasant;adj. dễ chịu
plus;prep. cộng thêm
salad;n. rau sống
sleep;n. sự, giấc ngủ
someone;pron. ai đó, người nào đó
switch;v. chuyển đổi
tourist;n. khách du lịch
traveller;n. người lữ khách, người du hành, du khách
unnecessary;adj. không cần thiết
video;n. băng video, đầu máy video
warmth;n. sự ấm áp, hơi ấm
wound;n. vết thương
achievable;adj. có thể đạt được, thực hiện được
annually;adv. hàng năm, từng nằm, thường niên (yearly)
basis;n. nền tảng, cơ sở, căn cứ
bitterly;adv. một cách đau buồn, tức giận
freely;adv. một cách tự do
hollow;adj. lõm vào, trống rỗng
informal;adj. thân mật, không trang trọng
leaf;n. lá cây
look;v. nhìn
mobile;adj. di động, lưu động
name;n. tên
oil;n. dầu, dầu mỏ
owe;v. nợ, mắc nợ, mang ơn
ridiculous;adj. lố bịch, ngu ngốc, vô lí
school;n. trường học
singer;n. ca sĩ
south;adv. phía nam
strictly;adv. ‹một cách› nghiêm ngặt, nghiêm khắc
surroundings;n. môi trường xung quanh
target;n. mục tiêu, mục đích
tend;v. có xu hướng, có khuynh hướng, thường
text;n. văn bản, nội dung
tightly;adv. một cách chặt chẽ, sít sao
tin;n. thiếc
transparent;adj. trong suốt
truth;n. sự thật, chân lý
use;v. sử dụng, dùng
whistle;v. huýt sáo
wire;n. dây điện, dây kim loại
wool;n. len
I;pron. tôi, mình, tớ
June;n. tháng Sáu
aim;v. nhắm, mục đích, hướng tới
attack;v. tấn công
best;n. tốt nhất
briefly;adv. trong chốc lát
call;v. gọi, gọi điện thoại
cat;n. mèo, con mèo
earth;n. thế giới, trái đất
example;n. thí dụ
fit;v. hợp, vừa
fully;adv. hoàn toàn
law;n. luật
lie;v. nằm, nằm nghỉ
passport;n. hộ chiếu
piano;n. đàn pi-a-nô
product;n. sản phẩm
reform;v. đổi mới
reject;n. đồ thừa, đồ bỏ, phế phẩm
rented;adj. được thuê
reply;v. trả lời, đáp lại 
site;n. địa điểm
suit;v. phù hợp với, thích hợp với
time;n. thời gian
tree;n. cây
well;n. cái giếng
wounded;adj. bị thương
ago;adv. trước đây, trước (thì quá khứ đơn)
alcoholic;n. kẻ nghiện rượu
anti;prefix. ngược lại, chống lại
attention;n. sự chú ý
coach;n. xe buýt chạy đường dài
coin;n. tiền xu
concert;n. buổi hòa nhạc, buổi biểu diễn (ca nhạc)
damp;adj. ẩm ướt
define;v. định rõ, vạch rõ
detailed;adj. rất chi tiết
failure;n. trượt, thất bại 
flower;n. hoa, bông hoa
hairdresser;n. thợ cắt tóc
home;n. nhà,gia đình
ice cream;n. kem lạnh
install;v. lắp đặt, cài đặt
interior;adj. thuộc về phần bên trong
main;adj. chính yếu, chủ đạo
mathematics;n. toán học
nephew;n. cháu trai
parallel;adj. song song
reasonable;adj. hợp lý
relative;n. họ hàng
road;n. con đường
round;adj. tròn
self;combining form. tự mình
spell;v. đánh vần
spray;v. phun ra
stand;v. đứng, chân chống
straight;adj. tóc thẳng
atmosphere;n. không khí
attempted;adj. đã cố gắng làm mà không thành
complex;adj. phức tạp, khó hiểu
conduct;v. tiến hành, cư xử
cover;v. che, phủ, trùm, bọc, bao gồm
double;v. gấp đôi
ending;n. phần kết (câu chuyện, phim...)
garbage;n. rác
govern;v. cai trị, cầm quyền
including;prep. kể cả
independence;n. sự độc lập
lake;n. hồ
lunch;n. bữa trưa
mate;n. bạn bè
me;prop. tôi (tân ngữ, đứng sau động từ, giới từ, động từ "be")
painter;n. thợ sơn
philosophy;n. triết học
praise;v. khen ngợi, tuyên dương
retire;v. nghỉ hưu
retired;adj. nghỉ hưu
scare;v. làm kinh hãi, làm sợ hãi, doạ
sincerely;adv. một cách chân thành
six;cardinal no. số sáu
skilled;adj. lành nghề, có khả năng, kinh nghiệm và kiến thức làm gì
sleep;n. sự, giấc ngủ
status;n. địa vị (về mặt pháp lí)
striped;adj. có sọc, có vằn
this;det. đây, này
tidy;v. dọn dẹp
aware;adj. biết, nhận thức
city;n. thành phố
on behalf of;adv. thay mặt cho 
coloured;adj. có màu gì, có nhiều màu khác nhau
consequence;n. kết quả, hậu quả, hệ quả, tầm quan trọng, tính trọng đại
countryside;n. nông thôn
current;adj. đang xảy ra, hiện nay
delivery;n. sự giao hàng, sự phân phối
desk;n. bàn làm việc
device;n. thiết bị
dirty;adj. bẩn, bẩn thỉu, dơ bẩn
embarrassing;adj. ngượng ngùng, lúng túng
entitle;v. cho phép làm cái gì
faithful;adj. trung thành, chung thủy
fourth;ordinal no. thứ tư
kid;n. con dê con, đứa trẻ
necessary;adj. cần thiết, quan trọng
northern;adj. ở phía bắc
prevent;v. ngăn ngừa, phòng ngừa
printer;n. máy in
propose;v. đề xuất, đưa ra, kiến nghị
purchase;n. việc mua bán
rain;n. mưa
recommend;v. giới thiệu, tiến cử
scratch;n. sự trầy da, vết thương nhẹ, vết xước
shout;v. la hét, reo hò
standard;n. tiêu chuẩn
station;n. nhà ga, bến xe
strike;n. cuộc đình công, cuộc bãi công
theory;n. lý thuyết
unfortunate;adj. không may
advertisement;n. quảng cáo
basic;adj. nền tảng, cơ sở
bed;n. giường
below;adv. dưới
coughing;n. ho
demonstrate;v. bày tỏ, biểu lộ, cho thấy, chứng minh, giải thích
destruction;n. sự tàn phá
disadvantage;n. bất lợi
each other;prop. lẫn nhau (sử dụng như là tân ngữ)
electric;adj. (thuộc về) điện
essential;adj. cần thiết, quan trọng
experience;n. kinh nghiệm
grab;v. nắm, chộp, túm lấy
hall;n. sảnh
hence;adv. vì vậy
huge;adj. to lớn, rộng lớn
humorous;adj. hài hước, khôi hài
infect;v. lây bệnh cho người, động vật, cây cối
knitting;n. đồ đan len
lock;v. khóa
mainly;adv. chủ yếu, dùng để nói về nguyên nhân quan trọng nhất
marry;v. cưới, kết hôn
notice;v. lưu ý, lưu tâm
nut;n. đậu phộng
pan;n. cái xoong, chảo
pilot;n. phi công
programme;v. lên chương trình, lên kế hoạch
quiet;adj. yên lặng, yên tĩnh, êm ả
religion;n. tôn giáo
Monday;n. thứ Hai
advise;v. khuyên
argue;v. tranh cãi
associate;n. cộng tác, đồng sự
assume;v. đảm đương, gánh vác
awake;adj. tỉnh, thức, không ngủ
breathe;v. thở
budget;n. ngân sách, ngân quỹ
chat;v. tán gẫu
confuse;v. làm ai rối rắm
crisp;adj. cứng và khô vừa phải, giòn
dress;n. đầm, váy dài
educate;v. giáo dục, dạy
household;n. hộ gia đình
immediately;adv. ngay lập tức
industrial;adj. thuộc về công nghiệp
laugh;n. tiếng cười (cười lớn)
oh;exclamation. Ồ (thể hiện sự ngạc nhiên)
openly;adv. một cách cởi mở, công khai
persuade;v. thuyết phục
proud;adj. tự hào
ready;adj. sẵn sàng
return;n. tiền lãi, tiền lời
ring;n. sàn đấu (boxing)
rope;n. dây thừng
sailing;n. sự đi thuyền, đua thuyền&nbsp, (thuyền có buồm)
singing;n. sự ca hát, hót
slice;v. xắt mỏng
taste;n. vị giác, nếm, sở thích, thị hiếu
trousers;n. quần dài
April;n. tháng Tư
August;n. tháng Tám
adapt;v. thích nghi (với môi trường...)
adopt;v. chọn, áp dụng, chấp nhận và làm theo
army;n. quân đội
arrange;v. sắp xếp, sắp đặt, thu xếp
barrier;n. rào cản, chướng ngại vật
collapse;v. sụp đổ, hỏng
customs;n. hải quan
direct;v. làm đạo diễn (phim, kịch..)
draft;n. bản nháp
emotion;n. tình cảm, cảm xúc
etc.;abbreviation. vân vân, và còn nhiều nữa (từ viết tắt của "et cetera")
extensive;adj. lớn, rộng lớn
favour;n. điều bạn làm giúp đỡ người khác, ơn, ân huệ
financial;adj. (thuộc) tài chính
hardly;adv. hầu như không
hide;v. giấu
income;n. thu nhập
leather;n. chất da
manufacturing;n. công nghiệp, ngành sản xuất hàng hóa
mum;n. mẹ
ninth;ordinal no. thứ chín
outline;n. đề cương, dàn bài
pocket;n. túi, bọc
polite;adj. lịch sự
region;n. vùng/miền
resistance;n. sức đề kháng, sức bền
swollen;adj. sưng tấy
thinking;n. sự suy nghĩ
arrival;n. sự đến, sự tới nơi
bandage;n. băng y tế
beauty;n. sắc đẹp
cycle;v. đi xe đạp
devote something to something;v. dành thời gian, sự chú ý,... để làm việc gì đó
eat;v. ăn
evidence;n. bằng chứng
exam;n. kỳ thi
fuel;n. chất đốt, nhiên liệu
guest;n. khách khứa, khách mời
hair;n. tóc, mái tóc
launch;v. phát động, khởi động
passenger;n. hành khách
production;n. (sự) sản xuất
slight;adj. rất ít, nhỏ
tear;n. nước mắt, lệ
third;ordinal no. thứ ba
thousandth;n. một phần nghìn
trading;n. (hoạt động) thương mại, buôn bán
trick;n. trò khéo léo, mẹo, kĩ xảo
typical;adj. điển hình, tiêu biểu
upstairs;adv. ở trên gác, ở tầng trên, lên cầu thang
upward;adj. hướng lên
victory;n. chiến thắng
visit;v. thăm, viếng
walking;n. sự đi bộ thư giãn
warn;v. cảnh báo
wealth;n. sự giàu có
where;adv. đâu, ở đâu
yesterday;adv. ngày hôm qua
amused;adj. thích thú
apple;n. táo
awful;adj. tồi tệ, kinh khủng
build;v. xây dựng
buy;v. mua
construction;n. ngành xây dựng
controlled;adj. được thực hiện, sắp xếp một cách cẩn thận, có kiểm soát
cruel;adj. độc ác, tàn nhẫn
deny;v. chối, phủ nhận
divide;v. chia ra, chia
fit;v. hợp, vừa
gift;n. quà
grant;n. chấp thuận
half;n. một nửa, phân nửa
have to;modal verb. phải làm gì
heel;n. gót chân
hope;n. hy vọng
inside;adv. bên trong
kindly;adv. một cách tử tế, tốt bụng
king;n. vua
language;n. ngôn ngữ
marriage;n. hôn nhân
movie;n. phim, điện ảnh
museum;n. viện bảo tàng
partnership;n. mối quan hệ cộng tác (trong kinh doanh)
quickly;adv. nhanh
set;n. bộ
shake;v. rung, lắc
she;pron. Cô ấy, bà ấy,bạn ấy,...(dùng cho nữ giới)
appropriate;adj. thích hợp, thích đáng
century;n. thế kỷ
closet;n. buồng nhỏ, buồng riêng, phòng để đồ
decision;n. quyết định
dream;n. mơ
have;v. có
improve;v. tốt lên
leader;n. (người) lãnh đạo
muscle;n. bắp thịt
mystery;n. điều huyền bí, bí ẩn
punishment;n. hình phạt
quality;n. chất lượng, phẩm chất
repeated;adj. lặp đi lặp lại
runner;n. người, động vật chạy (đặc biệt trong một cuộc đua)
signature;n. chữ ký, ký hiệu, dấu hiệu
similarly;adv. tương tự, gần giống nhau
sixteen;cardinal no. số mười sáu
skin;n. da, làn da
sorry;adj. xin lỗi, tiếc
sting;n. vết đốt (của ong ...)
sudden;adj. bất ngờ, đột ngột
suddenly;adv. đột ngột
transport;n. sự chuyển chở, vận tải
unacceptable;adj. không thể chấp nhận, cho phép được
widely;adv. trên phạm vi rộng lớn, rộng rãi
within;prep. trong vòng
worker;n. người lao động
working;adj. lao động
year;n. năm
yours;prop. của bạn
Internet;n. mạng Internet
argument;n. sự tranh cãi, sự tranh luận
blow;v. thổi
central;adj. quan trọng nhất
concentration;n. khả năng tập trung
direction;n. phương hướng, sự hướng dẫn, chỉ dẫn
environment;n. môi trường
exciting;adj. thú vị, hứng thú
expand;v. mở rộng, phát triển
far;adv. xa
goal;n. mục đích, mục tiêu
impressive;adj. gây ấn tượng
influence;v. ảnh hưởng, tác động
lesson;n. bài học, bài giảng
lovely;adj. xinh đẹp, đáng yêu
matter;n. chủ đề, vấn đề, việc, chuyện
music;n. âm nhạc
news;n. tin tức
officially;adv. chính thức
or;conj. hoặc
removal;n. sự dời đi, dọn đi
report;v. báo cáo, tường thuật
search;n. cuộc tìm kiếm, thăm dò
senate;n. thượng nghị viện (của quốc hội lập pháp ở Mỹ, Úc, Canada...)
slowly;adv. chậm
speech;n. bài diễn văn, diễn thuyết
stress;v. làm căng thẳng
thank you;v. cảm ơn bạn
various;adj. nhiều...khác nhau
winning;adj. chiến thắng (cuộc đua, cuộc thi)
bad-tempered;adj. nóng giận, nóng tính
bite;n. vết cắn, miếng
communicate;v. giao tiếp
congress;n. đại hội, hội nghị
contribute;v. đóng góp
curved;adj. (có dạng) cong
definition;n. định nghĩa
edge;n. mé, bìa, rìa
entertaining;adj. mang tính giải trí
final;n. trận, vòng chung kết
give;v. đưa, trao, cho
habit;n. thói quen
important;adj. quan trọng, trọng đại
less;adv. ít hơn
marketing;n. ngành tiếp thị
pants;n. quần
patient;n. bệnh nhân
peaceful;adj. yên bình, thanh bình
pray;v. cầu nguyện
printing;n. hoạt động in ấn
promise;v. hứa hẹn
qualify;v. đủ tư cách, khả năng, điều kiện
register;v. đăng ký
remark;n. lời nhận xét, ý kiến
right;n. bên phải
same;adv. cũng như vậy
see;v. nhìn
smoothly;adv. một cách trôi chảy
spice;n. gia vị
suit;v. phù hợp với, thích hợp với
arrest;v. bắt giữ (bởi cảnh sát)
downwards;adv. hướng xuống, xuống dưới
effectively;adv. hiệu quả
exact;adj. chính xác, đúng dắn
flour;n. bột mì
guide;n. hướng dẫn viên, sách hướng dẫn
infected;adj. nhiễm trùng
menu;n. thực đơn
merely;adv. chỉ, đơn giản là (dùng để nhân mạnh)
mine;prop. của tôi
mistake;n. lỗi, sai, nhầm
navy;n. hải quân
object;n. vật thể
old;adj. già
paper;n. giấy
plate;n. cái đĩa
push;v. đẩy
scissors;n. cái kéo
sell;v. bán
silk;n. lụa
sure;adj. chắc chắn
swear;v. thề, chửi thề
tension;n. sự căng thẳng, tình trạng căng thẳng
unless;conj. trừ phi
upsetting;adj. không vui, bực mình
watch;v. xem
weak;adj. yếu, yếu ớt
wildly;adv. loạn xạ, không thể kiểm soát được
wish;n. mong muốn
acquire;v. đạt được, thu được
another;pron. một...khác
available;adj. có sẵn, sẵn sàng
bedroom;n. phòng ngủ
cake;n. bánh ngọt
chip;n. chỗ sứt, mẻ
choose;v. chọn, chọn lựa
contest;n. cuộc thi
dish;n. món ăn
driving;n. cách, sự lái xe
drum;n. trống
ear;n. tai
economy;n. nền kinh tế
estate;n. vùng đất (ở nôngthôn) có người làm chủ, điền trang
global;adj. toàn cầu
hit;n. cú đánh
joy;n. niềm vui, sự vui mừng
kill;v. giết chết
lack;v. thiếu
link;n. liên kết, chỗ nối
logical;adj. có lô-gic, hợp lý
medical;adj. thuộc y học
noise;n. tiếng ồn
non-;prefix. không
photograph;n. ảnh chụp, bức ảnh
prepare;v. chuẩn bị
primarily;adv. trước hết, đầu tiên, chính, chủ yếu, quan trọng nhất
provide;v. cung cấp
receive;v. nhận
rest;n. sự nghỉ ngơi
accuse;v. buộc tội, tố cáo
activity;n. hoạt động
alcohol;n. chất có cồn, rượu
approximate;adj. xấp xỉ, gần đúng
brush;n. lược to tròn, bàn chải tóc
excuse;n. lời xin lỗi
experienced;adj. có kinh nghiệm
fail;v. thất bại
fence;n. hàng rào, rào chắn (bằng gỗ, kim loại)
glad;adj. vui
grandson;n. cháu trai (nội, ngoại)
guard;n. người bảo vệ (binh lính, cảnh sát, cai ngục,...)
guilty;adj. cảm thấy xấu hổ vì đã làm điều gì xấu, hoặc vì đã không làm một việc mà đáng lẽ phải làm
kick;v. đá
morally;adv. một cách có đạo đức
negative;adj. tiêu cực, có hại
offensive;adj. xúc phạm, công kích
official;n. quan chức, công chức
path;n. đường mòn, đường dẫn
perfectly;adv. hoàn toàn
regard;n. sự chú ý, quan tâm
shoot;v. bắn (súng,...)
smart;adj. thông minh
steer;v. lái (tàu thuỷ, ô tô..)
stop;v. dừng lại
stove;n. lò, bếp lò
suggestion;n. lời đề nghị, sự gợi ý
telephone;n. điện thoại
winner;n. người thắng cuộc
worship;v. thờ phụng, tôn thờ
area;n. khu vực
carrot;n. cà rốt
chemistry;n. môn hóa học
comfortably;adv. một cách thoải mái
commercial;adj. (thuộc) buôn bán, thương mại
dull;adj. chán, buồn tẻ
extension;n. sự mở rộng (hoạt động, nhóm người...)
harmful;adj. có hại
investment;n. sự đầu tư
kiss;v. hôn
nineteen;cardinal no. số mười chín
per cent;adj. phần trăm
prepared;adj. sẵn sàng làm gì
producer;n. nhà, người, nước sản xuất
profit;n. lợi nhuận
programme;v. lên chương trình, lên kế hoạch
pupil;n. học sinh
rescue;n. sự cứu, giải cứu
restrict;v. giới hạn, hạn chế
roll;v. lăn
scientist;n. nhà khoa học
stock;v,. trữ hàng
surprise;n. sự ngạc nhiên
teach;v. dạy, dạy học
uncomfortable;adj. không thoải mái
up;prep. lên trên, ở trên
width;n. chiều, độ rộng
written;adj. được viết thành văn bản
yard;n. cái sân
March;n. tháng Ba
blonde;n. người phụ nữ tóc vàng nhạt
column;n. cột (thường làm bằng đá, ở các tòa nhà)
community;n. cộng đồng
consult;v. tham khảo, hỏi ý kiến, quan tâm
crush;n.  sự phải lòng, sự mê
definitely;adv. chắc chắn, nhất định
disgusted;adj. cảm thấy ghê tởm
distance;n. khoảng cách
excellent;adj. xuất sắc, ưu tú
fourteen;cardinal no. số mười bốn
frightened;adj. lo sợ
grateful;adj. biết ơn
guide;n. hướng dẫn viên, sách hướng dẫn
horn;n. sừng
initial;adj. ban đầu, đầu
lose;v. làm mất, thất lạc, không thể tìm thấy
market;n. thị trường, chợ, nơi mua bán sản phẩm...
missing;adj. thiếu, khuyết, thất lạc
mood;n. tâm trạng
need;v. cần
opposition;n. sự phản đối
ought to;modal verb. nên làm gì
pill;n. viên thuốc
post office;n. bưu điện
private;adj. (thuộc về, dùng cho) cá nhân hoặc nhóm người nào đó, không dùng cho mục đích công cộng
proposal;n. bản, lời đề nghị, đề xuất
realistic;adj. hiện thực, thực tế
rear;adj. ở đằng sau, phía sau
remain;v. duy trì, vẫn còn
Ms;abbreviation. (đứng trước họ, tên đầy đủ của một người phụ nữ, không đề cập đến việc đã có gia đình hay chưa)
accommodation;n. chỗ ăn ở
both;prop. cả hai
brief;adj. kéo dài trong một thời gian ngắn, ngắn
care;n. sự chăm sóc, sự cẩn thận
contract;n. hợp đồng
disappointing;adj. không tốt, thành công như mong đợi, gây thất vọng
drop;n. giọt
dust;n. bụi
duty;n. bổn phận, nhiệm vụ
examination;n. kỳ thi
explain;v. giải thích
extreme;adj. rất lớn (về mức độ)
formal;adj. trang trọng, nghi thức
glass;n. thủy tinh
import;v. nhập khẩu
interview;n. cuộc phỏng vấn
kindness;n. sự tử tế, tốt bụng
material;n. vật liệu, chất liệu
outstanding;adj. còn tồn tại, chưa giải quyết xong, chưa trả nợ
patience;n. tính kiên nhẫn, tính nhẫn nại
permission;n. sự cho phép, sự chấp nhận
plastic;n. nhựa
roughly;adv. khoảng chừng
slip;v. trượt chân
study;v. học
technology;n. công nghệ
temperature;n. nhiệt độ, sốt
west;n. phía Tây
work;v. làm việc
about;adv. khoảng, tầm
attend;v. tham dự, có mặt
billion;number. tỉ
bin;n. thùng rác
bottom;adj. ở dưới đáy, cuối cùng, xa nhất (nơi, vị trí)
businessman;n. doanh nhân, thương gia
capacity;n. sức chứa, dung tích
chairman;n. người điều khiển một cuộc họp, chủ toạ
chin;n. cằm
communication;n. sự liên lạc, sự giao tiếp
correct;v. sửa, điều chỉnh
favourite;adj. ưa thích
goodbye;n. Tạm biệt
handle;v. xử lí, giải quyết
infectious;adj. dễ lây, lan truyền
initiative;n. bước khởi đầu, sự khởi xướng
intelligent;adj. thông minh
interpret;v. giải thích, làm sáng tỏ
lover;n. người yêu
midday;n. trưa, buổi trưa (12 giờ trưa)
purchase;n. việc mua bán
rate;n. mức giá, tỉ lệ
recover;v. hồi phục
reputation;n. danh tiếng, thanh danh, tiếng (tốt của nhân vật)
sea;n. biển
shop;n. cửa hàng, cửa hiệu
single;n. đĩa đơn
skilful;adj. tài năng, tài giỏi
sock;n. (chiếc) tất
steady;adj. đều đặn, ổn định
February;n. tháng 2
adjust;v. điều chỉnh
anything;n. vật gì, thứ gì, cái gì
bid;n. lời đề nghị ra giá để mua cái gì
bit;n. hơi
chairwoman;n. nữ chủ tịch, nữ chủ tọa trong cuộc họp
crown;n. vương miện
customer;n. khách hàng (người mua hàng hóa hoặc dịch vụ)
escape;v. trốn thoát
even;adj. huề vốn
expense;n. chi phí
finely;adv. thành những hạt, miếng nhỏ
grade;n. lớp (xét về trình độ)
grass;n. cỏ
guarantee;n. sự bảo đảm, bảo hành
immediate;adj. tức thì, trước mắt
lane;n. làn đường
means;n. phương tiện
of;prep. của ai
official;n. quan chức, công chức
party;n. đảng, phái, nhóm
pretend;v. giả vờ
promise;v. hứa hẹn
purely;adv. hoàn toàn, chỉ là
quick;adj. nhanh chóng
recall;v. nhớ lại
rival;n. đối thủ
specialist;n. chuyên gia
stiff;adj. cứng (không dễ uốn, gấp)
tower;n. tháp
beef;n. thịt bò
big;adj. to, lớn
blood;n. máu
breath;n. hơi thở
centimetre;n. cen-ti-mét (đơn vị đo độ dài, 1 mét = 100 cen-ti-mét)
departure;n. sự khởi hành
document;n. văn bản
exercise;n. các hoạt động thể lực, tinh thần để rèn luyện sức khỏe, sự tập luyện, bài thể dục
exit;n. lối ra
form;n. mẫu đơn
geography;n. môn điạ lý
grain;n. hạt (của cây lương thực)
ink;n. mực
lorry;n. xe tải
newspaper;n. nhật báo
offend;v. làm ai phật ý, buồn lòng
ordinary;adj. bình thường, thông thường
out;adv. ra khỏi
part;n. phần, bộ phận
physically;adv. về thân thể, thể chất 
popular;adj. nổi tiếng, phổ biến
rail;n. tay vịn, lan can, chấn song
result;n. kết quả, đáp số
rude;adj. thô lỗ, lỗ mãng
select;v. chọn lựa, chọn lọc
shopping;n. mua sắm
spelling;n. sự đánh vần, viết chính tả
statue;n. tượng
strategy;n. chiến lược, sự vạch kế hoạch hành động
suppose;v. tin rằng, cho là
ancient;adj. xưa, cổ xưa
arrangement;n. sự sắp xếp
attorney;n. luật sư
brand;n. nhãn hiệu, nhãn hàng, chi nhánh
chance;n. cơ hội
commitment;n. sự tận tâm
contact;v. tiếp xúc, liên hệ
development;n. sự phát triển
diet;n. ăn kiêng, chế độ ăn uống
generous;adj. rộng rãi, hào phóng
individual;adj. cá nhân, riêng biệt
just;adv. đúng, chính xác, vừa đúng
last;v. kéo dài
map;n. bản đồ
millimetre;n. (đơn vị đo độ dài, 1, 1000 của mét)
mom;n. mẹ
mouth;n. miệng
picture;n. bức tranh
presence;n. sự hiện diện, có mặt
quote;v. trích dẫn
regret;n. sự hối tiếc
satisfied;adj. thỏa mãn
sink;n. bồn rửa
sting;n. vết đốt (của ong ...)
strangely;adv. một cách kì lạ
suspicious;adj. đầy nghi ngờ
thirsty;adj. khát
toe;n. ngón chân
vehicle;n. phương tiện giao thông
wide;adj. rộng
November;n. tháng Mười Một
October;n. tháng Mười
adventure;n. cuộc phiêu lưu
airport;n. sân bay
application;n. sự xin việc, ứng tuyển
captain;n. thuyền trưởng, cơ trưởng
country;n. đất nước, quốc gia, miền quê, nông thôn
determine;v. xác định, định rõ
dramatic;adj. mạnh mẽ, ấn tượng
experiment;n. cuộc thí nghiệm
fill;v. trám, lấp lỗ hổng, hàn
male;adj. nam, giống đực
pleasing;adj. làm thỏa mãn, mang lại niềm vui
practical;adj. thực tế, thực tiễn
punch;n. cú đấm
representative;n. người đại diện, đại diện
sharply;adv. một cách chỉ trích, gay gắt
solve;v. giải quyết, tìm giải pháp
square;n. quảng trường
stair;n. cầu thang
strict;adj. nghiêm ngặt
unfortunately;adv. thật không may
venture;n. cuộc mạo hiểm
well known;adj. nổi tiếng
wheel;n. bánh xe
which;determiner. nào, cái nào
whoever;prop. bất kì ai
withdraw;v. rút tiền
word;n. chữ, lời nói, lời (nhận xét, tuyên bố..)
writing;n. sự viết
again;adv. lại, một lần nữa
although;conj. mặc dù
blame;v. than trách, đổ lỗi
capital;n. thủ đô
check;v. kiểm tra
constantly;adj. Luôn luôn, liên tục, liên miên
definite;adj. chắc chắn, rõ ràng
dentist;n. nha sĩ
expect;v. mong đợi
expected;adj. được kì vọng, mong đợi
hold;v. chứa, đựng, tổ chức 
hook;n. cái móc (treo thứ gì), lưỡi câu
horse;v. ngựa
influence;v. ảnh hưởng, tác động
left;n. bên trái
list;n. danh sách
match;v. ghép, nối
mobile phone;n. điện thoại di động
moment;n. khoảnh khắc, chốc lát
package;v. đóng gói
pass;v. đi qua
proceed;v. tiếp tục, tiếp diễn
qualified;adj. đủ điều kiện
race;n. cuộc đua
reflect;v. phản chiếu, phản hồi
scared;adj. sợ hãi
side;n. phía, bên
sound;v. nghe có vẻ, nghe như
summer;n. mùa hè
surprising;adj. đáng ngạc nhiên
battery;n. ắc quy, pin
beak;n. mỏ (chim)
comfort;n. sự thư thái, thoải mái
crowd;n. đám đông
date;n. cuộc hẹn hò, sự hẹn gặp
engine;n. động cơ (máy móc)
foot;sing. n. chân, bàn chân
frequently;adv. thường xuyên, một cách thường xuyên
honest;adj. trung thực, lương thiện
issue;n. vấn đề
joke;n. lời nói đùa, chuyện đùa
judge;v. phán xét, đánh giá
like;v. thích
lucky;adj. may mắn
millionth;n. một phần một triệu
need;v. cần
none;prop. không ai, không cái nào
normal;adj. bình thường
page;n. trang
prefer;v. thích hơn
red;adj. đỏ
review;n. bài đánh giá, lời đánh giá
rich;adj. giàu
rural;adj. thuộc nông thôn, thôn quê
scare;v. làm kinh hãi, làm sợ hãi, doạ
society;n. xã hội
suitcase;n. va li
their;poss. adj. của họ, của bọn họ, ...
used to;modal verb. đã từng (điều gì xảy ra thường xuyên trong quá khứ)
world;n. thế giới
absorb;v. hút, hấp thu
bunch;n. chùm, bó, buồng
correct;v. sửa, điều chỉnh
enormous;adj. nhiều, to lớn
exchange;v. trao đổi
extremely;adv. cực kỳ, vô cùng
fifteen;cardinal no. số mười năm
gap;n. khoảng cách, khoảng trống
lot;adv. nhiều (dùng với tính từ, trạng từ)
meat;n. thịt
minor;adj. nhỏ, không lớn, quan trọng, nghiêm trọng
racing;n. môn đua ngựa
return;n. tiền lãi, tiền lời
revolution;n. cuộc cách mạng
set;n. bộ
settle;v. ngồi, đậu, bố trí, định cư, làm ăn sinh sống, giải quyết, hòa giải, dàn xếp
silent;adj. yên lặng
sleeve;n. tay áo
smash;v. đập vỡ
spread;n. phết, lan rộng
stranger;n. người lạ, người không quen biết
surround;v. bao quanh
ticket;n. vé
understanding;n. sự hiểu biết
unpleasant;adj. không vui, khó chịu
view;v. xem
while;conj. trong khi (điều gì đang xảy ra)
without;prep. không có
witness;v. chứng kiến (thường là một tội ác hay tai nạn)
wrap;v. gói
abandon;v. từ bỏ
abroad;adv. (ở) nước ngoài
absolute;adj. hoàn toàn, tuyệt đối
advantage;n. lợi thế, thuận lợi
clean;v. lau chùi
comment;n. lời phê bình, lời nhận xét
confusing;adj. khó hiểu, gây bối rối
drawing;n. tranh vẽ
drive;v. lái xe (ô tô)
engineering;n. sự ứng dụng kiến thức khoa học vào việc thiết kế, xây dựng và điều hành máy móc, các dịch vụ công cộng (như đường, cầu...), thiết bị điện
friendly;adj. thân thiện, thân mật
gather;v. tập hợp, tụ thập, thu thập, kết luận, suy ra
generally;adv. bởi, cho hầu hết mọi người
hurt;v. làm bị thương, làm đau
increasingly;adv. ngày càng
internal;adj. ở trong, bên trong
investigation;n. sự điều tra
key;adj. chìa khóa
lamp;n. đèn
let;v. để, cho phép
mere;adj. chỉ (dùng để nhấn mạnh điều gì là rất nhỏ, không quan trọng...)
mild;adj. nhẹ, ở mức độ nhẹ
ninety;no. chín mươi
obtain;v. giành được, kiếm được (to acquire)
pin;v. ghim, kẹp, gắn
proportion;n. sự cân đối, phần
really;adv. thực sự
relaxing;adj. thư giãn
rush;n. sự vội vàng, hối hả
spin;v. xoay vòng
Thursday;n. thứ Năm
additional;adj. thêm vào, tăng thêm
badly;adv. kém, dở
betting;n. hành vi cá cược
boat;n. con tàu, con thuyền
bomb;n. bom (vũ khí)
careful;adj. cẩn thận
concentrate;v. tập trung
contrasting;adj. rất khác biệt (phong cách, màu sắc, thái độ)
downward;adj. đi xuống
effect;n. hiệu quả, hiệu ứng
fever;n. sốt
friend;n. bạn
however;adv. dù cho
i.e.;abbreviation. đó chính là (viết tắt của từ Latin "id est")
inability;n. sự bất lực, sự không có khả năng
lacking;adj. sự thiếu, không có
love;v. yêu
luck;n. may mắn
phone;v. điện thoại
photography;n. nhiếp ảnh
politically;adv. liên quan đến chính trị
possibility;n. khả năng (có thể xảy ra hoặc tồn tại)
princess;n. công chúa
repeat;v. nhắc lại
sailor;n. thủy thủ
sauce;n. nước xốt
sign;n. bảng hiệu, dấu hiệu
slice;v. xắt mỏng
something;prop. cái gì đó
Saturday;n. thứ Bảy
bury;v. chôn cất, mai táng
can;n. hộp, lon
channel;n. kênh truyền hình
contribution;n. sự đóng góp
embarrassed;adj. bối rối, ngượng ngùng
entertainment;n. ‹sự› giải trí, tiêu khiển
exhibit;n. vật trưng bày, vật triển lãm
hell;n. địa ngục
ideal;adj. lý tưởng
illustrate;v. minh họa
investigate;v. điều tra, nghiên cứu
junior;n. (người) cấp dưới
medium;n. phương tiện (giao tiếp)
musician;n. nhạc sĩ, nhà soạn nhạc
my;poss. adj. của tôi
needle;n. cây kim
opponent;n. đối phương, đối thủ
positive;adj. tích cực, lạc quan
print;v. in ấn
remember;v. nhớ, ghi nhớ
schedule;n. chương trình, lịch trình
scientific;adj. (thuộc về) khoa học
slow;adj. chậm
somehow;adv. không biết làm sao, vì một lý do chưa biết
struggle;v. đấu tranh
twin;adj. sinh đôi
twisted;adj. bóp méo
ugly;adj. xấu
valley;n. thung lũng
also;adv. cũng
be about to do something;v. sắp sửa làm gì
body;n. cơ thể, thân thể
boy;n. cậu con trai
certificate;n. giấy chứng nhận, chứng chỉ
chemist;n. dược sĩ
choice;n. sự lựa chọn
delay;v. trì hoãn, hoãn lại
door;n. cửa ra vào
emphasize;v. nhấn mạnh, làm nổi bật
engaged;adj. đã đính ước, đính hôn
faithfully;adv. (một cách) chính xác, cẩn thận
fall;n. mùa thu
fight;n. trận đánh nhau, cuộc đấu
fixed;adj. cố định
invite;v. mời
label;n. dán nhãn, ghi nhãn
loan;n. khoản vay
loose;adj. lỏng, chùng, rộng
must;modal verb. phải
pick;v. hái, nhặt
prior;adj. trước đó, trước (một khoảng thời gian nào đó)
prove;v. chứng minh
question;n. câu hỏi
reproduce;v. sao chép, mô phỏng
rhythm;n. giai điệu, nhịp điệu
running;n. môn chạy bộ
stripe;n. kẻ sọc
stuff;n. chất, thứ, món...
tiny;adj. nhỏ
access;n. quyền truy cập, sự tiếp cận 
affect;v. ảnh hưởng
annoying;adj. gây khó chịu, phiền phức
bag;n. túi, bao
beard;n. râu quai nón
broad;adj. to, rộng
campaign;n. chiến dịch
cardboard;n. giấy bìa cứng
cell;n. phòng giam
cheerful;adj. vui vẻ, vui tươi
convenient;adj. thuận tiện
first;ordinal no. thứ nhất, đầu tiên
follow;v. đi theo, theo sau
grammar;n. ngữ pháp
hesitate;v. do dự
information;n. thông tin
inner;adj. bên trong, về phía, gần trung tâm nơi nào đó
interruption;n. sự gián đoạn
knee;n. đầu gối
manage;v. quán lý, điều hành
melt;v. tan chảy
move;n. sự di chuyển
murder;v. giết người, mưu sát
once;adv. một lần
play;v. chơi
poison;v. gây nhiễm độc, đánh thuốc độc
politics;n. hoạt động chính trị
publish;v. xuất bản
put;v. đặt, để, cho vào
resolve;v. giải quyết
advertising;n. hoạt động, ngành quảng cáo
appearance;n. diện mạo, vẻ bề ngoài
appointment;n. cuộc hẹn, sự hẹn gặp
approval;n. sự chấp thuận
block;v. cản trở, ngăn chặn (sự di chuyển, đi lại)
borrow;v. mượn, vay
buyer;n. người mua
chamber;n. phòng lớn
crack;n. vết nứt, vết rạn
distinguish;v. phân biệt, nhận ra, nhận biết, phân thành, chia thành, xếp thành loại
doctor;n. bác sỹ
exception;n. ngoại lệ
fat;adj. béo, mập
function;n. chức năng, nhiệm vụ
granddaughter;n. cháu gái (nội, ngoại)
increase;v. tăng
instead of;prep. thay vì
lightly;adv. nhẹ nhàng, với ít nỗ lực
match;v. ghép, nối
mouse;n. con chuột (máy tính)
powder;n. phấn phủ
proper;adj. đúng, thích hợp
refuse;v. từ chối
resort;n. khu nghỉ dưỡng
reverse;adj. ngược lại
scream;v. kêu thét, la hét
sew;v. may, may vá, khâu
shower;n. vòi sen
spell;v. đánh vần
unable;adj. không thể
amount to something;v. lên đến, tổng cộng lên đến
authority;n. quyền lực
bush;n. bụi cây
but;conj. nhưng
catch;v. bắt lấy, nắm lấy
custom;n. phong tục
ease;v. làm dịu đi
gambling;n. hoạt động cá cược, đánh bạc
harmless;adj. vô hại
hate;v. ghét, không thích
ideal;adj. lý tưởng
illegal;adj. bất hợp pháp, trái phép
lay;v. đẻ (trứng)
liquid;n. chất lỏng
newly;adv. mới đây
not;adv. không
pity;n. điều đáng tiếc
prompt;v. nhanh chóng (trịnh trọng)
publishing;n. nghề, ngành xuất bản
resort to something;v. phải sử dụng đến hay viện đến (giải pháp cuối cùng)
size;n. cỡ
today;n. hôm nay
transportation;n. giao thông
triangle;n. hình tam giác
twelve;cardinal no. số mười hai
uncertain;adj. nghi ngờ, không chắc chắn
violent;adj. có nhiều cảnh bạo lực
violently;adv. một cách kịch liệt
wall;n. tường
want;v. muốn, muốn có
age;n. tuổi
between;prep. ở giữa
blind;adj. mù, không nhìn thấy được
cheap;adj. rẻ, rẻ tiền
completely;adv. hoàn toàn
confront;v. chạm trán, đương đầu với
cure;n. thuốc, phương thuốc, cách chữa bệnh
deep;adj. sâu
employee;n. nhân viên, người lao động
ever;adv. có lúc nào (dùng trong câu phủ định và câu hỏi, hoặc câu có "if")
flying;n. việc đi máy bay
kind;adj. tử tế, ân cần
kitchen;n. phòng bếp
limit;n. giới hạn, hết hạn dùng
love;v. yêu
make;v. tạo ra, làm ra
modern;adj. hiện đại
phone;v. điện thoại
point;v. chỉ ra điều gì
project;v. kế hoạch, đồ án, dự án
request;n. lời thỉnh cầu, lời yêu cầu
reservation;n. sự dành trước, sự đặt chổ trước
resource;n. nguồn, nguồn lực
shock;n. cú sốc, choáng
sort;v. sắp xếp, phân loại
through;prep. xuyên qua, xuyên suốt
trend;n. xu hướng
unemployed;adj. thất nghiệp
unlucky;adj. xui, không may mắn
unusual;adj. lạ, hiếm, khác thường
agency;n. cơ quan, đại lí
beer;n. bia
birth;n. lúc sinh ra, sự sinh đẻ
biscuit;n. bánh quy
called;adj. được gọi là, có tên là
discovery;n. sự tìm ra, khám phá
disgust;v. làm ai đó ghê tởm
evil;n. điều xấu, ác
exhibition;n. buổi triển lãm
explode;v. nổ, làm nổ
famous;adj. nổi tiếng
film;v. làm phim, quay phim
formerly;adv. trước đây
frighten;v. làm ai lo sợ
imagination;n. sự tưởng tượng, trí tưởng tượng
link;n. liên kết, chỗ nối
member;n. thành viên
nevertheless;adv. tuy nhiên
next;adj. tiếp theo, kế tiếp
pay;v. trả, đưa
place;n. nơi chốn
pronunciation;n. cách phát âm, sự phát âm
rob;v. cướp
secretary;n. thư kí
soft;adj. mềm
store;n. cửa hàng
stream;n. dòng suối
substantially;adv. về thực chất, về bản chất, về cơ bản, lớn lao, đáng kể
train;n. tàu hỏa
truck;n. xe tải
above;adv. trên
away;adv. cách xa
biology;n. môn sinh học
Friday;n. thứ Sáu
book;n. sách, quyển sách
bore;v. khiến ai chán
bullet;n. (viên) đạn
congratulate;v. chúc mừng
cook;n. đầu bếp
curb;n. sự kềm chế, hạn chế
dance;v. nhảy, khiêu vũ
decoration;n. sự, đồ trang trí
draw;v. vẽ
farm;n. nông trại, trang trại
fifth;ordinal no. thứ năm
four;cardinal no. số bốn
grave;adj. trang nghiêm, nghiêm nghị
hand;n. bàn tay
p.m.;abbreviation. sau 12 giờ trưa (từ viết tắt của tiếng Latin "post meridiem")
pen;n. bút mực
phrase;n. cụm từ
regional;adj. (thuộc) khu vực, vùng
should;v. nên
shy;adj. bẽn lẽn, hay xấu hổ, nhút nhát
single;n. đĩa đơn
stare;v. nhìn chằm chằm
stay;v. giữ, giữ gìn
strange;adj. lạ lẫm
sugar;n. đường
sweep;v. quét
act;v. hành động
advice;n. lời khuyên
bike;n. xe đạp
bitter;adj. đắng
come;v. đến, tới
commit;v. gửi, giao, giao phó, ủy nhiệm, ủy thác
covering;n. một lớp phủ gì đó
delicate;adj. dễ vỡ (đồ thuỷ tinh...), dễ bị tổn thương, phá hủy
destroy;v. tàn phá, phá hủy
either;adv. cũng vậy (đứng sau cụm phủ định để thể hiện sự đồng tình)
firm;n. hãng, công ty
fry;v. rán, chiên 
juice;n. nước cốt
listen;v. nghe
lonely;adj. cô đơn
offer;n. đề xuất, đề nghị, chào mời, chào hàng
pet;n. thú cưng, vật nuôi
photo;n. ảnh chụp, bức ảnh (viết tắt của photograph)
pile;v. chất đống lên, trở nên nhiều hơn
plus;prep. cộng thêm
shake;v. rung, lắc
sign;n. bảng hiệu, dấu hiệu
strength;n. điểm mạnh, sức mạnh, sức lực
suspicion;n. mối nghi ngờ
tablet;n. viên thuốc
talk;v. nói chuyện, chuyện trò
thoroughly;adv. rất nhiều, hoàn toàn
tie;v. trói, buộc
used;adj. thuộc về, đã qua sử dụng
win;v. chiến thắng, đạt được
admire;v. ngưỡng mộ
advance;n. sự xảy ra trước
advertise;v. quảng cáo, đăng tin (tuyển dụng...)
alarming;adj. đáng lo ngại
band;n. ban nhạc
bathroom;n. phòng tắm
capital;n. thủ đô
chart;n. biểu đồ
common;n. sự chung, của chung
concerned;adj. quan tâm, lo lắng
critical;adj. chỉ trích, chê bai
election;n. cuộc bầu cử
finger;n. ngón tay
flag;n. cờ
flow;v. chảy
gain;n. sự gia tăng (về lượng như tiền bạc, cân nặng...)
gasoline;n. xăng (dùng để chạy động cơ)
generation;n. thế hệ
humour;n. sự, khiếu hài hước
indoors;adv. trong nhà
insert;v. chèn vào, cho vào
instance;n. ví dụ, trường hợp cụ thể
jealous;adj. ghen tuông
leading;adj. hàng đầu, chính, quan trọng
minister;n. (ở Anh và một số nước khác) bộ trưởng
plant;n. thực vật, cây
poem;n. bài thơ
poor;adj. nghèo, bần cùng
reasonably;adv. vừa phải, tạm được
related;adj. có liên quan
Wednesday;n. thứ Tư
baby;n. bé
concrete;n. bê tông
conference;n. hội nghị
contain;v. chứa, bao gồm
day;n. ngày
depth;n. độ sâu
detail;v. chi tiết, tỉ mỉ
dress;n. đầm, váy dài
extend;v. gia hạn, kéo dài (thời hạn...)
field;n. cánh đồng
fold;v. gập, gấp
forget;v. quên
frame;n. khung
full;adj. đầy đặn, dày
girlfriend;n. bạn gái
husband;n. chồng
knit;v. đan (len, sợi,...)
medicine;n. thuốc
mentally;adv. về mặt trí tuệ, thần kinh
raise;v. nâng lên, đưa lên
relief;n. sự nhẹ nhõm
repair;v. sửa, sửa chữa (máy móc)
senior;adj. chức cao, thâm niên
smash;v. đập vỡ
softly;adv. một cách nhẹ nhàng, êm ái
structure;n. cấu trúc, công trình kiến trúc
suggest;v. góp ý, gợi ý
training;n. ‹sự› rèn luyện, tập luyện, huấn luyện, dạy dỗ, đào tạo
writer;n. nhà văn
ambition;n. hoài bão, tham vọng
aspect;n. khía cạnh
break;n. giờ giải lao
bright;adj. sáng sủa
cool;adj. ngầu, chất, phong cách, tuyệt
cracked;adj. bị nứt, bị rạn
curve;n. đường, bề mặt cong, đường vòng
electronic;adj. điện tử
every;det. mỗi
extent;n. mức độ
feather;n. lông vũ
female;adj. nữ, giống cái
latter;n. điều thứ hai trong hai thứ, nhóm người..., thứ cuối cùng trong một danh sách
luggage;n. hành lý, đồ đạc
metal;n. kim loại
moreover;adv. hơn thế nữa, thêm vào đó
painting;n. bức tranh
player;n. người chơi
practically;adv. hầu như, gần như
practice;v. thực hành, rèn luyện 
spare;adj. thừa, dư
spot;n. mụn nhọt
stay;v. giữ, giữ gìn
striking;adj. nổi bật, gây ấn tượng sâu sắc
tone;n. giọng (lối diễn đạt trong khi nói)
unique;adj. độc đáo, duy nhất
upwards;adv. về phía trên, cao hơn
virus;n. vi-rút, siêu vi khuẩn
vocabulary;n. từ vựng
wander;v. đi lang thang, đi không định hướng
all right;exclamation. Được rồi, Đúng rồi
audience;n. khán giả
bet;n. sự cá cược, tiền cá cược
branch;n. nhánh cây
dancer;n. vũ công
deep;adj. sâu
deserted;adj. bỏ hoang, hoang vắng
dislike;v. không thích
heat;v. đun nóng
heaven;n. thiên đường 
laboratory;n. phòng thí nghiệm
man;n. đàn ông
observation;n. sự quan sát
original;n. nguyên thủy
partner;n. bạn (cùng phe, cùng nhóm)
physical;n. khám sức khỏe
safe;adj. an toàn
sharp;adj.  thông minh, láu lỉnh
sideways;adv. từ, tới một bên
software;n. phần mềm, chương trình máy tính
special;adj. đặc biệt
statement;n. sự trình bày, bản kê
thumb;n. ngón tay cái
tire;n. lốp xe
trust;n. sự tin tưởng, tín nhiệm
uncontrolled;adj. không thể kiểm soát, ngăn chặn được
underneath;prep. ở phía dưới
washing;n. việc giặt quần áo
wave;v. vẫy tay
weather;n. thời tiết
according to;prep. theo như
aged;adj. ở tuổi
alternative;adj. xen kẽ, thay thế, luân phiên
bend;n. chỗ uốn, chỗ rẽ (sông, con đường...)
brain;n. não bộ
cost;v,n. có giá là, chi phí
dying;adj. chết, lúc sắp chết
exaggerate;v. phóng đại, cường điệu
face;n. khuôn mặt
farming;n. việc quản lí trang trại, nghề làm nông
fix;v. lắp, sửa chữa
folding;adj. có thể gập lại được
forecast;v. dự báo, dự đoán, đoán trước
frightening;adj. gây lo sợ
great;adj. tuyệt vời
hi;exclamation. chào!
interpretation;n. cách hiểu, giải thích
knowledge;n. kiến thức, sự hiểu biết
originally;adv. ban đầu, lúc đầu
possible;adj. có thể
rear;adj. ở đằng sau, phía sau
scale;n. tỉ lệ, cân
seriously;adv. một cách nghiêm trọng, nghiêm túc
shelter;v. cho ai chỗ ở, bảo vệ
shortly;adv. một thời gian ngắn, không lâu
swimming;n. môn bơi lội
talk;v. nói chuyện, chuyện trò
tax;n. thuế
thus;adv. vì vậy
o'clock;n. giờ (dùng nói giờ chẵn)
across;prep. ở bên kia
apply;v. nộp, ứng tuyển
bored;adj. cảm thấy nhàm chán
cable;n. dây neo, dây cáp
client;n. khách, khách hàng
close;v. đóng lại
competition;n. cuộc thi
confidence;n. sự tin tưởng, sự tin cậy
council;n. hội đồng
defend;v. phòng thủ
discover;v. khám phá
dump;n. bãi đổ, nơi chứa
education;n. việc giáo dục
engage;v. thu hút (sự chú ý…), giành được (tình cảm…)
fine;adj. mạnh, khỏe, tốt
force;v. bắt buộc
formula;n. công thức
hard;adv. vất vả,chăm chỉ
mark;n. dấu vết
motion;n. sự chuyển động
process;n. quá trình
promptly;adv. mau lẹ, nhanh chóng, ngay lập tức, tức thời
radio;n. ra đi ô
religious;adj. thuộc tôn giáo
retirement;n. sự nghỉ hưu
rice;n. lúa, gạo, cơm
series;n. phim dài kỳ trên truyền hình
spoken;adj. (liên quan đến việc) nói
standard;n. tiêu chuẩn
sweet;n. ngọt
afterwards;adv. sau đó
beyond;adv. ở bên kia, xa hơn (về thời gian)
black;adj. đen
clothes;n. trang phục
collection;n. sự sưu tầm, bộ sưu tập
command;n. ra lệnh
conventional;adj. thông thường, bình thường
criterion;n. tiêu chuẩn
fairly;adv. khá, kha khá
foreign;adj. thuộc nước ngoài, từ nước ngoài
grave;adj. trang nghiêm, nghiêm nghị
hill;n. đồi
hundred;number. một trăm (100)
lawyer;n. luật sư
musical;adj. (thuộc về) âm nhạc
nurse;n. y tá
outer;adj. bên ngoài
pound;n. đồng bảng Anh
qualification;n. năng lực, trình độ (để làm cái gì)
reserve;n. sự dự trữ
sit;v. ngồi
sixty;no. sáu mươi
slope;n. dốc, con dốc
spread;n. phết, lan rộng
stamp;n. tem
stretch;v. kéo dài, căng ra
tyre;n. lốp xe
unlikely;adj. không thể xảy ra
yet;conj. chưa
young;adj. trẻ
affair;n. sự kiện (có tầm quan trọng về chính trị, thu hút sự chú ý công chúng)
aircraft;n. máy bay
animal;n. động vật, con vật
balance;v. quyết toán
brave;adj. dũng cảm
bread;n. bánh mì
craft;n. thủ công
cultural;adj. thuộc về văn hóa
electricity;n. điện
employment;n. công việc làm
express;adj. nhanh, hỏa tốc, tốc hành.
function;n. chức năng, nhiệm vụ
midnight;n. nửa đêm, 12 giờ đêm
officer;n. sĩ quan
premises;n. tài sản, nhà cửa, cơ sở (kinh doanh...)
pull;v. kéo
remark;n. lời nhận xét, ý kiến
rub;v. cọ xát, chà xát
score;v. ghi bàn (thể thao)
signal;n. tín hiệu
simple;adj. đơn giản
soldier;n. người lính
split;n. sự chia bè phái, chia rẽ
supply;n. ‹sự/đồ/nguồn/_› dự trữ, tiếp tế cấp
thirteen;cardinal no. số mười ba
trillion;number. một triệu triệu, 1000000000000
wake;v. tỉnh dậy, thức dậy
website;n. trang web
weigh;v. cân, cân nặng
will;n. mong muốn, ý chí
alarm;v. khiến ai đó lo lắng, hoảng sợ
all;adv. tất cả
automatic;adj. tự động
bone;n. xương
chain;n. dây xích, chuỗi
climbing;n. môn, hoạt động leo núi
conclusion;n. kết luận
context;n. ngữ cảnh, hoàn cảnh
daily;adj. hằng ngày
disappear;v. biến mất, biến đi
end;n. sự kết thúc
farther;adj. ở xa hơn (không gian, phương hướng, thời gian)
governor;n. người cầm quyền (của một quốc gia, khu vực)
growth;n. sự tăng trưởng
hear;v. nghe
injury;n. vết thương, thương tổn
line;n. đường kẻ
open;v. mở
past;past. qua (khi nói giờ)
post;v. đăng tin
punch;n. cú đấm
rank;n. thứ hạng
ruin;v. hủy hoại, phá hỏng
season;n. mùa
spider;spider. con nhện
tube;n. ống, tuýp
underground;adv. dưới mặt đất
unexpected;adj. gây bất ngờ, ngạc nhiên
urban;adj. thuộc đô thị
vary;v. khác nhau
Sunday;n. Chủ nhật
abandoned;adj. bị bỏ rơi, bỏ hoang
absent;adj. vắng mặt, đi vắng
answer;v. trả lời
believe;v. tin
college;n. đại học
colour;n. màu sắc
disapproval;n. sự phản đối, không tán thành
disaster;n. thảm họa, tai họa
disease;n. bệnh, bệnh tật
finance;n. tài chính
gate;n. cổng
historical;adj. có liên quan đến sự kiện của quá khứ, (thuộc về) lịch sử
imaginary;adj. chỉ tồn tại trong tâm trí, trí tưởng tượng
leg;n. chân
occasion;n. dịp, cơ hội
poison;v. gây nhiễm độc, đánh thuốc độc
professional;adj. chuyên nghiệp
reach;v. đạt đến một mốc hay giai đoạn nào đó
smile;v. cười, mỉm cười
so;conj. vì vậy, do vậy 
specially;adv. đặc biệt, riêng biệt, chỉ dành cho
sport;n. môn thể thao
terribly;adv. rất
thanks;n. cảm ơn
treat;v. đối xử
violence;n. bạo lực, cảnh phim bạo lực
waste;v. lãng phí
when;adv. khi nào, bao giờ
whisper;n. lời, sự thì thầm
armed;adj. có sử dụng vũ khí
aunt;n. cô, dì, bác gái
better;v. cải thiện, làm cho tốt hơn
curtain;n. màn, rèm
deliver;v. phân phát (thư), giao (hàng), đưa ai đến đâu
difficult;adj. khó
distribute;v. phân phối
essentially;adv. về cơ bản
event;n. sự kiện
feature;n. điểm đặc trưng
finish;v. hoàn thành, kết thúc
forest;n. rừng
ground;n. mặt đất
imply;v. ngụ ý, hàm ý, ẩn ý, ý nói
indirect;adj. gián tiếp
ingredient;n. thành phần, nguyên liệu
justified;adj. có lí do chính đáng để làm gì
milligram;n. (đơn vị đo khối lượng, 1, 1000 của gam)
option;n. sự chọn lựa, quyền lựa chọn
particularly;adv. rất, cực kì, đặc biệt (ở một vùng, khu vực nào đó)
race;n. cuộc đua
room;n. phòng
satisfying;adj. mang lại sự hài lòng
sensitive;adj. nhạy cảm
servant;n. người đầy tớ, người hầu
shape;n. hình dáng
shoulder;n. vai
show;v. cho thấy, cho xem
trace;n. dấu vết
unfriendly;adj. không thân thiện
absolutely;adv. hoàn toàn
agent;n. đại lý
alongside;prep. kế bên, dọc theo
bath;n. bồn tắm
certainly;adv. dĩ nhiên
clear;v. dọn, dọn dẹp
complete;v. hoàn thành
conscious;adj. trong trạng thái tỉnh táo, biết rõ
consideration;n. sự cân nhắc, suy xét
desire;v. thèm muốn, khao khát, ao ước
enjoyable;adj. thích thú, thú vị
equally;adv. ngang nhau, như nhau
food;n. thức ăn, lương thực
gently;adv. một cách nhẹ nhàng
glue;n. keo hồ
gun;n. súng
healthy;adj. khỏe mạnh, có lợi cho sức khỏe
help;v. giúp, giúp đỡ
history;n. môn Lịch sử, lịch sử
hunting;n. sự săn bắt, săn bắn
killing;n. hành động giết ai (một cách cố ý)
kilometre;n. ki-lo-met
late;adj. muộn, trễ
loud;adj. to
massive;adj. đồ sộ, chắc nặng
organized;adj. có tổ chức (gồm rất nhiều người tham gia)
over;prep. trên
pose;n. tư thế (chụp ảnh...)
private;adj. (thuộc về, dùng cho) cá nhân hoặc nhóm người nào đó, không dùng cho mục đích công cộng
program;v. lập trình
academic;adj. có tính học thuật
account;n. tài khoản
amazing;adj. tuyệt vời
around;prep. xung quanh, vòng quanh
bacteria;n. vi khuẩn
born;adj. được sinh ra
building;n. tòa nhà, tòa cao ốc
capture;v. bắt, đoạt được, chiếm được
character;n. nhân vật
club;n. câu lạc bộ
cookie;n. bánh quy
corner;n. góc
crisis;n. khủng hoảng
data;n. dữ liệu
dinner;n. bữa tối
drama;n. kịch, phim nhiều tập
effective;adj. có hiệu quả, có tác dụng
freshly;adv. vừa mới làm gì (+ p.p)
fruit;n. trái cây
god;n. chúa
insult;n. điều lăng mạ, xúc phạm
loyal;adj. trung thành, trung nghĩa, trung kiên
manager;n. giám đốc
medium;n. phương tiện (giao tiếp)
parliament;n. nghị viện, quốc hội
reading;n. việc đọc
respond;v. hồi âm, phúc đáp
reverse;adj. ngược lại
revise;v. đọc lại, xem lại, duyệt lại, sửa lại (bản in thử, đạo luật...)
safely;adv. một cách an toàn
DVD;n. đĩa DVD
January;n. tháng Một
approving;adj. (thể hiện sự) chấp thuận, đồng ý
clothing;n. áo quần
down;prep. xuống
eighty;no. tám mươi
examine;v. Khảo sát, nghiên cứu
excite;v. kích thích, kích động
expose;v. phơi bày, bộc lộ
fashion;adj. thời trang, mốt
federal;adj. (thuộc) liên bang
frequent;adj. thường xuyên, hay xảy ra
from;prep. từ
interrupt;v. gián đoạn
join;v. tham gia
note;n. lời ghi chú
performer;n. người trình diễn (show, hòa nhạc,...)
price;n. giá tiền
question;n. câu hỏi
review;n. bài đánh giá, lời đánh giá
safety;n. sự an toàn
screen;v. sàng, lọc (hồ sơ xin việc)
seed;n. hạt giống
spend;v. sử dụng, trải qua
swell;v. sưng, phồng
sympathy;n. mối thiện cảm, thông cảm
throw;v. ném, quăng
tour;v. đi quanh một nơi nào (đi nghỉ, trình diễn, quảng cáo cái gì)
try;v. cố gắng
whom;prop. thay cho "who" như là tân ngữ của động từ hoặc giới từ
advance;n. sự xảy ra trước
anticipate;v. đoán trước, liệu trước
cash;n. tiền mặt
chocolate;n. sô-cô-la
cloth;n. vải
contemporary;adj. cùng thời, đương thời
dollar;n. đô la
dot;n. dấu chấm
further;adj. hơn, thêm nữa
grandchild;n. cháu (nội, ngoại)
hand;n. bàn tay
injure;v. làm bị thương
issue;n. vấn đề
keep;v. giữ, duy trì
military;adj. (thuộc về) quân đội
organize;v. tổ chức
partly;adv. một phần
queen;n. nữ hoàng
release;v. phát hành
relevant;adj. có liên quan
sand;n. cát
second;ordinal no. thứ hai, thứ nhì
severe;adj. cực kì nghiêm trọng, trầm trọng
sticky;adj. dính
substantial;adj. lớn, đáng kể
thread;n. sợi chỉ, sợi vải, len
trap;v. làm ai mắc kẹt
untidy;adj. không gọn gàng, rối, lôi thôi
wherever;conj. bất kì nơi đâu
anniversary;n. ngày/lễ kỷ niệm
anxiety;n. sự lo lắng
arms;n. vũ khí (đặc biệt trong quân đội, hải quân...)
arrow;n. mũi tên
ball;n. trái banh
battle;n. trận chiến đấu, trận đánh
belt;n. thắt lưng
breed;v. nuôi, gây giống
cause;v. gây ra
cinema;n. rạp chiếu phim
combine;v. kết hợp, phối hợp
cross;n. chữ thập, dấu chéo
disappointment;n. sự thất vọng
imagine;v. tưởng tượng, hình dung
involve;v. bao gồm, liên quan
job;n. công việc, nghề nghiệp
matter;n. chủ đề, vấn đề, việc, chuyện
measure;v. đo
meet;v. gặp, gặp mặt
moon;n. mặt trăng
open;v. mở
potato;n. khoai tây
proudly;adv. một cách tự hào
raw;adj. còn sống (chưa được nấu)
remove;v. loại bỏ
secret;n. bí mật
separate;v. chia, tách
shall;modal verb. sẽ (dùng với "I" hoặc "we")
simply;adv. chỉ đơn giản là
smell;v. ngửi, có mùi, mùi hương
achievement;n. thành tích, thành tựu
bargain;n. món hời, cơ hội tốt (buôn bán)
constant;adj. không dứt, liên tục
effort;n. nỗ lực
hero;n. anh hùng
lead;v. dẫn đường, dẫn dắt
limited;adj. hạn chế, không nhiều, lớn
maybe;adv. có lẽ
seat;n. chỗ ngồi
shooting;n. bắn súng
skirt;n. váy, chân váy
steal;v. ăn cắp, lấy trộm
style;n. phong cách
terrible;adj. kinh khủng
theme;n. đề tài, chủ đề
tight;adv. chặt
tomorrow;n. ngày mai
too;adv. cũng
translation;n. bản dịch, bài dịch
travel;v. đi lại, đi du lịch
variation;n. sự thay đổi, biến đổi (về lượng hoặc mức độ)
vegetable;n. rau quả
vertical;adj. (theo chiều) thẳng đứng, dọc
weakness;n. điểm yếu, nhược điểm, khuyết điểm
whose;prop. của ai
wind;n. gió
wine;n. rượu
wing;n. cánh (chim, côn trùng, máy bay…)
worry;v. lo lắng
worst;adj. tệ nhất
a;indefinite article. đứng trước danh từ số ít, đếm được, đề cập đến người, vật mà chưa được nhắc đến trước đó.
amaze;v. làm kinh ngạc, sửng sốt
average;n. trung bình
burn;v. đốt, cháy
cheat;v. lừa ai
climb;v. leo trèo
depress;v. làm ai chán nản, sầu não
head;n. đầu
horror;n. sự kinh hoàng
hotel;n. khách sạn
idea;n. ý tưởng
identity;n. bản sắc
instead;adv. thay vào đó
intend;v. có ý định, có mục đích
label;n. dán nhãn, ghi nhãn
mass;n. khối, đống
normal;adj. bình thường
plot;n. cốt truyện, nội dung chính
precisely;adv. chính xác
principle;n. nguyên tắc
read;v. đọc
remarkable;adj. phi thường, đáng chú ý
rush;n. sự vội vàng, hối hả
sadly;adv. không may là
sail;v. đi tàu, điều khiển/ lái thuyền buồm
then;adv. sau đó
umbrella;n. ô, dù
underwear;n. quần áo lót
user;n. người dùng
wallet;n. ví (thường dùng cho nam giới)
anyway;adv. hơn nữa
belief;n. niềm tin, quan niệm
disapproving;adj. thể hiện sự phản đối
during;prep. trong suốt (khoảng thời gian)
good;adj. tốt
initial;adj. ban đầu, đầu
institute;n. học viện, viện
justice;n. sự công bằng
layer;n. tóc tỉa nhiều tầng
long;adj. dài
mud;n. bùn
nearby;adv. gần đây
opinion;n. ý kiến, quan điểm
pale;adj. nhợt nhạt (làn da)
port;n. thành phố cảng
present;v. đưa ra, bày tỏ, giới thiệu
procedure;n. thủ tục, các bước tiến hành 
request;n. lời thỉnh cầu, lời yêu cầu
sewing;n. sự may vá, khâu vá
soon;adv. sớm
state;v. phát biểu, nói rõ, tuyên bố
stomach;n. dạ dày
suspect;v. nghi ngờ, ngờ vực
taxi;n. taxi
thank;v. cảm ơn
uncle;n. chú, cậu, bác trai
under;adv. dưới
union;n. công đoàn
war;n. chiến tranh
whereas;conj. ngược lại, trong khi đó
-ish;suffix. đến từ đất nước nào
civil;adj. (thuộc) công dân
collect;v. thu nhặt, sưu tập
cottage;n. căn nhà nhỏ (ở nông thôn)
drawer;n. ngăn kéo
employer;n. chủ, người sử dụng lao động
false;adj. giả, sai
keyboard;n. bàn phím
lift;v. nâng lên, nhấc lên
lost;adj. đã mất / bị lạc
magic;n. phép thuật, ma thuật
memory;n. trí nhớ
middle;adj. giữa
ninth;ordinal no. thứ chín
plain;n. đồng bằng
remote;adj. xa xôi, hẻo lánh
replace;v. thay thế
rescue;n. sự cứu, giải cứu
shave;v. cạo (râu, tóc)
small;adj. nhỏ, bé
stupid;adj. ngu
substance;n. chất
surface;n. mặt, bề mặt
surname;n. họ
tea;n. trà
tent;n. lều
tip;n. tiền boa
traditional;adj. truyền thống
wild;adj. dại, hoang dã
yes;exclam. vâng, đúng
atmosphere;n. không khí
attraction;n. điểm thu hút
become;v. trở nên, trở thành
bird;n. chim
circumstance;n. trường hợp, hoàn cảnh, tình huống
cooker;n. nồi nấu
cupboard;n. tủ đựng đồ ăn, tủ đựng bát đĩa, tủ đựng quần áo, ...
dismiss;v. sa thải
eighth;ordinal no. thứ tám
elegant;adj. thanh lịch, tao nhã
empire;n. đế quốc
facility;n. cơ sở vật chất, trang thiết bị
impression;n. ấn tượng, cảm tưởng
inch;n. (đơn vị đo chiều dài) insơ
method;n. phương pháp, cách thức
metre;n. mét (đơn vị đo độ dài, 100 cm)
nonsense;n. vô lý
overcome;v. vượt qua
play;v. chơi
prison;n. nhà tù
receipt;n. giấy biên nhận
rubber;n. cao su
signal;n. tín hiệu
southern;adj. ở phía nam
suitable;adj. phù hợp
upper;adj. trên một cái gì khác (nhất là cái gì tương tự)
very;adv. rất
waist;n. cái eo (cơ thể người)
whether;conjunction. liệu có ... không
wife;n. vợ
July;n. tháng Bảy
account;n. tài khoản
air;n. không khí
charity;n. hội từ thiện, việc từ thiện
condition;n. điều kiện, tình trạng
difficulty;n. khó khăn
doubt;v. không chắc chắn, nghi ngờ
energy;n. năng lượng, sức lực
enjoy;v. yêu thích, thưởng thức
enthusiasm;n. lòng nhiệt tình
fault;n. lỗi, sai lầm
garage;n. nhà xe
gold;adj. vàng
involved;adj. tham gia vào, có liên quan
jelly;n. thạch
lift;v. nâng lên, nhấc lên
objective;n. mục tiêu, mục đích, khách quan
oddly;adv. một cách kì lạ
outdoor;adj. ngoài trời, ở ngoài
perhaps;adv. có lẽ
personality;n. tính cách, cá tính
present;v. đưa ra, bày tỏ, giới thiệu
protection;n. sự bảo vệ
reality;n. thực tế, thực tại
say;v. nói ( cái gì)
science;n. khoa học, môn Khoa học
secret;n. bí mật
smoking;n. thói quen, sự hút thuốc
specifically;adv. một cách cụ thể và chính xác
speed;n. tốc độ
burnt;adj. bị bỏng, bị cháy
challenge;n. thử thách
committee;n. ủy ban, hội đồng
convince;v. Thuyết phục
currently;adv. hiện tại, lúc này
decline;n. sự suy giảm
drag;v. kéo lê
everyone;pron. mọi người
fan;n. người hâm mộ
fellow;adj. dùng để chỉ người cùng hoàn cảnh
fly;n. con ruồi
front;adj. phía trước
hundredth;n. một phần trăm
lean;v. ngả, nghiêng
length;n. chiều dài
lung;n. lá phổi
message;n. thông báo, lời nhắn
nervous;adj. lo lắng, hồi hộp
old-fashioned;adj. lỗi thời
react;v. phản ứng
reason;n. lý do
ride;v. đi (xe), cưỡi (ngựa,…)
riding;n. môn, hoạt động cưỡi ngựa
smell;v. ngửi, có mùi, mùi hương
thick;adj. dày
tip;n. tiền boa
to;infinitive marker. để mà
transform;v. thay đổi, biến đổi
winter;n. mùa đông
with;prep. với
accident;n. tai nạn
actual;adj. thực sự
begin;v. bắt đầu
bus;n. xe buýt
decade;n. thập kỷ, thời kỳ mười năm
fish;n. cá
gain;n. sự gia tăng (về lượng như tiền bạc, cân nặng...)
harm;n. sự tổn hại
high;adj. cao
intention;n. ý định, mục tiêu
land;n. đất
maximum;n. mức tối đa
meeting;n. buổi họp
milk;n. sữa
multiply;v. nhân, nhân lên
oppose;v. chống đối, phản đối
oven;n. lò (hấp, nướng đồ ăn)
place;n. nơi chốn
plan;n. kế hoạch, dự án
pleased;adj. hài lòng, thoả mãn
protest;v. phản đối
punish;v. phạt, trừng phạt
situation;n. tình hình, vị thế
source;n. nguồn, nguồn gốc
steep;adj. nhanh (tăng, giảm)
strip;n. mảnh (vải, giấy...), dải (đất,...)
there;adv. ở đó
treatment;n. sự điều trị
tune;n. điệu, giai điệu
underwater;adj. dưới nước
appreciate;v. đánh giá cao, cảm kích
book;n. sách, quyển sách
class;n. lớp học
confine;v. hạn chế, giới hạn
courage;n. lòng dũng cảm, can đảm
crime;n. tội ác, tội phạm
criticism;n. sự phê bình, chỉ trích
cup;n. tách
each;prop. mỗi
high;adj. cao
into;prep. vào trong
jacket;n. áo khoác (ngắn, nhẹ)
joint;adj. chung, cùng
manner;n. tác phong, phong cách, cách cư xử
number;n. số
order;n. đơn đặt hàng
pace;n. nhịp độ, tốc độ
precise;adj. chính xác
preference;n. sự ưu tiên
preparation;n. ‹sự› chuẩn bị, sửa soạn
rule;n. quy tắc, phép tắc
shirt;n. áo sơ mi
snake;n. con rắn
somewhere;adv. ở, đến một nơi nào đó
television;n. truyền hình, TV, máy thu hình
together;adv. cùng nhau
town;n. phố, thị trấn
until;prep. cho tới
wait;v. đợi, đợi chờ
wrongly;adv. một cách bất công, sai trái, không đúng
affection;n. tình yêu thương
broadcast;n. chương trình phát sóng
compare;v. so sánh
container;n. thùng chứa
decide;v. quyết định
element;n. yếu tố
eleven;cardinal no. số mười một
figure;n. con số
find;v. tìm kiếm
frozen;adj. được bảo quản ở nhiệt độ thấp, đông lạnh
guess;v. phỏng đoán
headache;n. đau đầu
hearing;n. thính giác
heart;n. tim
hello;n. xin chào! (dùng khi gặp ai, câu mở đầu khi nói điện thoại...)
impress;v. gây ấn tượng, để lại ấn tượng
knock;v. gõ (cửa)
lady;n. cô gái, quý bà (đặc biệt người lớn tuổi, cách nói lịch sự)
little;adv. nhỏ, ít
majority;n. phần lớn, đa số
mind;v. phiền, bực mình, lo lắng
neighbour;n. hàng xóm
office;n. văn phòng
often;adv. thường xuyên, hay
pleasure;n. điều thú vị, niềm vui thích
pointed;adj. (có đầu) nhọn
range;n. phạm vi
rumour;n. lời đồn, tin đồn
schedule;n. chương trình, lịch trình
sweet;n. ngọt
accurate;adj. chính xác
appoint;v. chỉ định, bổ nhiệm
before;adv. trước
contrast;v. đối chiếu, làm tương phản
credit;n. tín dụng
curious;adj. tò mò, thích tìm&nbsp, hiểu
dangerous;adj. nguy hiểm
depressing;adj. gây chán nản, thất vọng
fish;n. cá
gram;n. 1 gam
he;pron. anh ấy, chú ấy, bác ấy, cậu ấy,...(dùng cho nam giới)
itself;prop. chính nó
journey;n. chuyến đi
legal;adj. (thuộc về) pháp luật, pháp lí
lip;n. môi
located;adj. ở vị trí
nothing;prop. không cái gì
nuclear;adj. thuộc hạt nhân
plenty;prop. nhiều
prince;n. hoàng tử
self;combining form. tự mình
sense;n. giác quan, tri giác, cảm giác
stroke;v. vuốt ve
tell;v. bảo, nói cho biết
temporary;adj. tạm thời, nhất thời, lâm thời
threat;n. lời đe dọa
tropical;adj. có tính chất nhiệt đới, thuộc vùng nhiệt đới
trouble;n. điều lo lắng, điều rắc rối, điều phiền muộn
usually;adv. thường thường, thường xuyên
would;modal verb. (quá khứ của "will", dùng trong câu tường thuật)
absence;n. sự, thời gian vắng mặt
anxious;adj. lo lắng, băn khoăn
arrive;v. đến
ban;n. luật cấm
beside;prep. bên cạnh
bill;n. hóa đơn
blow;v. thổi
calculation;n. ‹sự/kết quả› tính, tính toán, ‹sự› dự tính, trù liệu
chase;n. sự đuổi theo, cuộc rượt đuổi
citizen;n. công dân
drink;n. thức uống
due;adj. bởi vì
head;n. đầu
hurry;n. Nhanh lên!
if;conj. nếu
illness;n. sự đau ốm, bệnh (thể chất, trí tuệ)
immoral;adj. trái đạo đức, xấu, không trung thực
interested;adj. Có quan tâm, thích thú
kind;adj. tử tế, ân cần
maintain;v. duy trì
money;n. tiền
nice;adj. vui, vui vẻ
ours;prop. của chúng tôi
palace;n. cung điện
peak;n. đỉnh cao, cao điểm
petrol;n. xăng dầu
powerful;adj. mạnh mẽ
reserve;n. sự dự trữ
shock;n. cú sốc, choáng
surprise;n. sự ngạc nhiên
amuse;v. khiến ai đó cười, thích thú
analyse;v. phân tích
annoy;v. làm bực mình, quấy rầy
attract;v. hấp dẫn, lôi cuốn, thu hút
author;n. tác giả
avoid;v. tránh, tránh khỏi, hủy bỏ, bác bỏ
blade;n. lưỡi (dao)
boyfriend;n. bạn trai
congratulation;n. sự chúc mừng
divorced;adj. li dị
educated;adj. được giáo dục theo kiểu nào, đã học ở trường nào
eighteen;cardinal no. số mười tám
enquiry;n. sự hỏi thêm thông tin, sự vấn tin
entry;n. hành động đi vào (nơi nào đó)
flight;n. chuyến bay
here;adv. ở đây
importance;n. tầm quan trọng
know;v. biết
loud;adj. to
mail;v. gửi thư
major;adj. rất lớn, quan trọng
might;modal verb. có thể
nine;cardinal no. số chín
phase;n. giai đoạn
politician;n. chính trị gia
position;n. vị trí
practise;v. luyện tập
preserve;v. gìn giữ, bảo tồn
prize;n. giải thưởng
recognize;v. nhận ra
accompany;v. đi cùng, hộ tống
aloud;adv. to (giọng)
among;prep. giữa, trong số (giữa từ ba người, 3 vật trở lên)
apparently;adv. hình như
brick;n. gạch
button;n. nút (áo quần)
celebrate;v. kỉ niệm
commission;n. tiền hoa hồng
copy;v. sao chép
develop;v. phát triển
else;adv. thứ gì khác
fair;adj. trắng (da), vàng nhạt (tóc)
guess;v. phỏng đoán
handle;v. xử lí, giải quyết
impressed;adj. cảm thấy ấn tượng
item;n. khoản, món, mục, mặt hàng
knitted;adj. được đan bằng len, sợi
lazy;adj. lười biếng
learn;v. học, nghiên cứu
master;n. chủ nhân
monitor;v. quan sát, theo dõi
profession;n. nghề nghiệp
protect;v. bảo vệ, bảo hộ, che chở
sample;n. mẫu, mẫu vật
since;adv. kể từ
slide;n. một trang trình chiếu trong bài trình chiếu trên máy tính
smooth;adj. hòa nhã, lễ độ
sure;adj. chắc chắn
sweat;n. mồ hôi
thief;n. tên trộm
annoyed;adj. khó chịu
brown;adj. nâu
concerning;prep. về, liên quan điều gì
confined;adj. (không gian) bị bó buộc (nghĩa bóng)
creature;n. sinh vật, tạo vật
daughter;n. con gái
former;adj. trước đây
gas;n. hơi, khí đốt thiên nhiên
heal;v. lành, chữa lành
highly;adv. rất
hip;n. hông
indicate;v. chỉ ra, cho biết điều gì
long;adj. dài
millionth;n. một phần một triệu
mirror;n. gương
miss;v. thấy nhớ (ai đó)
nature;n. thiên nhiên
neither;adv. thể hiện sự đồng tình với một câu nói phủ định
overall;adj. toàn bộ, toàn thể, tất cả, nói chung
passage;n. đoạn văn
pot;n. cái nồi
problem;n. vấn đề
quantity;n. lượng, số lượng
reply;v. trả lời, đáp lại 
research;v. sự nghiên cứu
response;n. sự trả lời, hồi đáp (lời, văn bản)
river;n. sông
selection;n. sự lựa chọn
several;determiner. vài
spoil;v. làm hỏng
actor;n. diễn viên nam
amazed;adj. rất ngạc nhiên
anger;n. sự tức giận
artist;n. nghệ sĩ
artistic;adj. (thuộc về) nghệ thuật
back;adv. quay lại
basically;adv. về cơ bản
break;n. giờ giải lao
cancel;v. hủy bỏ
cold;n. sự cảm lạnh
construct;v. xây dựng
drug;n. ma túy
elect;v. lựa chọn, bầu chọn
enter;v. đến, đi vào
estimate;v. ước lượng
flesh;n. thịt, xác thịt
hire;v. thuê, mướn, tiền trả công
inevitable;adj. không thể tránh được, chắc chắn xảy ra
interview;n. cuộc phỏng vấn
introduction;n. sự đưa vào sử dụng, đưa vào nơi nào đó
invest;v. đầu tư
lid;n. nắp
mayor;n. (ở Anh, Wales và Bắc Ireland) thị trưởng
nerve;n. dây thần kinh
opposed;adj. phản đối
period;n. tiết học
possibly;adv. có thể
reduction;n. sự giảm, thu nhỏ
reveal;v. tiết lộ
specific;adj. cụ thể, rõ ràng, rành mạch
acknowledge;v. thừa nhận, chấp nhận sự thật của cái gì
aggressive;adj. hay gây sự, hung hăng
analysis;n. sự phân tích, kết quả phân tích
appeal;n. sức hấp dẫn, lôi cuốn
back;adv. quay lại
backwards;adv. về phía sau
burst;v. (khiến cho cái gì) nổ, vỡ tung
certain;adj. chắc chắn
combination;n. sự kết hợp
current;adj. đang xảy ra, hiện nay
defence;n. sự bảo vệ
extraordinary;adj. lạ thường, khác thường
fun;adj. n. vui, cuộc vui
interest;n. sở thích
introduce;v. giới thiệu
its;poss. adj. của nó (dùng cho vật)...
low;adj. thấp
minority;n. thiểu số
opening;n. khe hở, lỗ hổng
plant;n. thực vật, cây
reaction;n. sự phản ứng
require;v. đòi hỏi, yêu cầu
rock;n. đá, hòn đá, tảng đá
score;v. ghi bàn (thể thao)
separated;adj. li thân
shadow;n. bóng, bóng tối, bóng mát
sour;adj. chua
sweater;n. áo len
tap;n. vòi nước
throughout;prep. . khắp nơi
award;v. thưởng, tặng
bake;v. nướng bằng lò
beach;n. bãi biển
because;prep. bởi vì
bent;adj. cong, gập
birthday;n. sinh nhật
can;n. hộp, lon
classroom;n. phòng học
equal;adj. bằng
executive;n. người điều hành (công ty, tổ chức,...)
fortune;n. may mắn, vận may
happily;adv. một cách vui vẻ, hạnh phúc
honour;n. danh tiếng, danh dự
involvement;n. sự tham gia
it;pron. nó
latest;n. thứ, tin tức gần đây nhất hoặc mới nhất
letter;n. lá thư
loss;n. sự mất mát
pain;n. sự đau đớn
potential;adj. tiềm năng, tiềm tàng
prayer;n. lời cầu nguyện
prisoner;n. tù nhân
quit;v. nghỉ, bỏ (học, làm việc...)
remaining;adj. còn lại
rent;v. thuê
screw;v. bắt vít, gắn chặt bằng vít
shut;v. đóng, gập lại, nhắm (mắt)
silly;adj. ngớ ngẩn, ngốc nghếch
state;v. phát biểu, nói rõ, tuyên bố
title;n. danh hiệu
addition;n. phép cộng
awfully;adv. rất, cực kì
brother;n. anh/em trai
circle;n. vòng tròn
competitive;adj. tính cạnh tranh, đua tranh
crowded;adj. đông đúc
delighted;adj. vui mừng, hài lòng, thích thú
discount;v. giảm, bớt, giảm giá, chiết khấu, khấu trừ
environmental;adj. (thuộc về) môi trường
express;adj. nhanh, hỏa tốc, tốc hành.
faith;n. sự tin tưởng, lòng tin
flood;n. trận lụt
fund;n. quỹ (tiết kiệm hoặc dùng cho một hoạt động cụ thể)
general;n. vị tướng, nhà chiến lược xuất sắc
mad;adj. điên rồ
myself;prop. chính tôi
occasionally;adv. thỉnh thoảng, đôi khi
perfect;adj. hoàn hảo, đầy đủ
piece;n. miếng, mảnh, mẫu
plot;n. cốt truyện, nội dung chính
poisonous;adj. độc hại
predict;v. dự báo, dự đoán trước
promotion;n. lăng xê
round;adj. tròn
sale;n. đợt bán hàng, giảm giá
service;n. dịch vụ
stare;v. nhìn chằm chằm
true;adj. đúng, thật
weekend;n. ngày cuối tuần
worth;adj. đáng, đáng giá, xứng đáng
amount;n. số lượng, khối lượng
be;auxiliary verb. thì, là, bị, được (đi với p.p (quá khứ phân từ) để tạo thành câu bị động)
behind;prep. ở đằng sau
brilliant;adj. hay, ấn tượng
case;n. trường hợp
company;n. công ty
consumer;n. người tiêu dùng
dancing;n. sự nhảy múa, khiêu vũ
delight;v. làm hài lòng
diagram;n. biểu đồ
dig;v. đào
dominate;v. trội hơn, chiếm ưu thế
entirely;adv. hoàn toàn
exaggerated;adj. được phóng đại, cường điệu lên
float;v. nổi, trôi, lơ lửng
focus;n. lấy nét, tâm điểm
guarantee;n. sự bảo đảm, bảo hành
holiday;n. ngày lễ
mess;n. sự bẩn thỉu, không gọn gàng
mix;n,v. hợp vào, trộn lẫn
moving;adj. cảm động
neck;n. cổ
on;prep. ở trên (có tiếp xúc bề mặt)
one another;prop. lẫn nhau
only;adv. chỉ
particular;adj. đặc biệt, đặc thù
payment;n. sự chi trả, thanh toán
permanent;adj. lâu dài, thường trực, cố định
planet;n. hành tinh
public;adj. công cộng, công
admit;v. thừa nhận, cho vào
bye;exclam. tạm biệt (thân mật)
chew;v. nhai
complicated;adj. phức tạp, rắc rối
confusion;n. sự bối rối, sự nhầm lẫn
deeply;adv. nhiều, rất nhiều (một cách "sâu sắc")
establish;v. thành lập, thiết lập
festival;n. đại hội, lễ hội, liên hoan
flat;adj. phẳng
grandparent;n. ông, bà
judge;v. phán xét, đánh giá
other;adj. khác
otherwise;adv. nếu không thì...
parent;n. cha, mẹ
pause;n. sự tạm nghỉ, ngưng
per;prep. mỗi
photograph;n. ảnh chụp, bức ảnh
presentation;n. bài trình bày
root;n. rễ cây
route;n. tuyến đường
sorry;adj. xin lỗi, tiếc
successful;adj. thành công
supporter;n. người ủng hộ (một đảng chính trị, một ý tưởng,...)
surrounding;adj. bao quanh, vây quanh
truly;adv. thực sự
uniform;n. đồng phục
united;adj. liên hợp, liên minh
unusually;adv. khác thường
vital;adj. thiết yếu, mang tính quyết định
waiter;n. phục vụ nam
accent;n. giọng (phát âm)
assistant;n. người giúp đỡ, người phụ tá
background;n. kiến thức, kinh nghiệm
blank;n. khoảng trống (trên mẫu văn bản, để điền thông tin)
coast;n. bờ biển
decay;v. thối rữa (thực phẩm), sâu, mục (răng, xương, lá...)
explosion;n. vụ nổ
father;n. bố, ba, cha,...
fork;n. nĩa
forty;no. bốn mươi
hope;n. hy vọng
impossible;adj. không thể
inform;v. báo tin cho, cho biết, cung cấp tin tức
many;adj. nhiều
minimum;n. mức tối thiểu
mount;n. ngọn núi, đỉnh núi
noticeable;adj. dễ nhận thấy, rõ ràng
organization;n. tổ chức (kinh doanh, tình nguyện,...)
pressure;n. sức ép, áp lực
pure;adj. tinh khiết, nguyên chất, thuần túy
security;n. an ninh, sự an toàn
senator;n. thượng nghị sĩ
serve;v. múc, xới, gắp ra để ăn
sexual;adj. liên quan đến tình dục
similar;adj. tương tự
spare;adj. thừa, dư
stamp;n. tem
store;n. cửa hàng
themselves;prop. chính họ
turn;v. rẽ, quẹo
Mr;abbreviation. (đứng trước họ, tên đầy đủ của một người đàn ông)
September;n. tháng Chín
almost;adv. hầu như
along;adv. tiến lên, về phía trước