abroad;adv. (ở) nước ngoài
advertise;v. quảng cáo, đăng tin (tuyển dụng...)
alive;adj. sống, còn sống
allow;v. cho phép, chấp nhận
amateur;n. nghiệp dư
argue;v. tranh cãi
arrange;v. sắp xếp, sắp đặt, thu xếp
article;n. bài báo
attach;v. đính kèm, kèm theo
attack;v. tấn công
attract;v. hấp dẫn, lôi cuốn, thu hút
award;v. thưởng, tặng
aware;adj. biết, nhận thức
balance;v. quyết toán
beauty;n. sắc đẹp
behave;v. ứng xử
behaviour;n. thái độ, hành vi, cách cư xử, cách đối xử, cách ăn ở
benefit;n. lợi ích
blame;v. than trách, đổ lỗi
break;n. giờ giải lao
brief;adj. kéo dài trong một thời gian ngắn, ngắn
broad;adj. to, rộng
bury;v. chôn cất, mai táng
campaign;n. chiến dịch
capital;n. thủ đô
careless;adj. bất cẩn
category;n. loại, hạng
cause;v. gây ra
certificate;n. giấy chứng nhận, chứng chỉ
charge;v. tính phí
charity;n. hội từ thiện, việc từ thiện
cheerful;adj. vui vẻ, vui tươi
claim;v. đòi, đòi quyền, nhận là, tự cho là
clap;v. vỗ, vỗ tay
close;v. đóng lại
colleague;n. đồng nghiệp
comfortable;adj. thoải mái
competition;n. cuộc thi
concentrate;v. tập trung
confident;adj. tự tin, tin tưởng
congratulation;n. sự chúc mừng
contract;n. hợp đồng
convenient;adj. thuận tiện
conversation;n. cuộc hội thoại
cooperate;v. hợp tác
corporation;n. tập đoàn, công ty lớn
correct;v. sửa, điều chỉnh
costume;n. trang phục, y phục
crowd;n. đám đông
cruel;adj. độc ác, tàn nhẫn
debt;n. nợ, món nợ
decorate;v. trang trí
definition;n. định nghĩa
delay;v. trì hoãn, hoãn lại
demand;n. nhu cầu
describe;v. miêu tả
despite;prep. mặc dù
detail;v. chi tiết, tỉ mỉ
develop;v. phát triển (hint :d...)
device;n. thiết bị (hint :d...)
disadvantage;n. bất lợi
discipline;n. kỷ luật
discover;v. khám phá
display;v. hiển thị, trình bày 
divide;v. chia ra, chia
drag;v. kéo lê
earn;v. kiếm được (tiền...)
edit;v. sửa chữa, biên tập, hiệu chỉnh
emotion;n. tình cảm, cảm xúc
enemy;n. kẻ thù, kẻ địch
enjoyable;adj. thích thú, thú vị
ensure;v. bảo đảm
equipment;n. thiết bị (hint :e...)
exact;adj. chính xác, đúng dắn
examine;v. Khảo sát, nghiên cứu
exist;v. tồn tại, sống
experience;n. kinh nghiệm
explode;v. nổ, làm nổ
export;v. xuất khẩu
extract;v. chiết xuất, lấy
failure;n. trượt, thất bại 
favourite;adj. ưa thích
fine;adj. mạnh, khỏe, tốt
finish;v. hoàn thành, kết thúc
focus;n. lấy nét, tâm điểm
fond;adj. yêu mến, thích
formal;adj. trang trọng, nghi thức
formula;n. công thức
freeze;v. (làm) đóng băng, đông lại
frequently;adv. thường xuyên, một cách thường xuyên
function;n. chức năng, nhiệm vụ
furniture;n. đồ đạc trong nhà
gather;v. tập hợp, tụ thập, thu thập, kết luận, suy ra
generation;n. thế hệ
generous;adj. rộng rãi, hào phóng
gentle;adj. nhẹ nhàng, dịu êm
hardly;adv. hầu như không
heal;v. lành, chữa lành
hit;n. cú đánh
hurt;v. làm bị thương, làm đau
import;v. nhập khẩu
increase;v. tăng
inform;v. báo tin cho, cho biết, cung cấp tin tức
informal;adj. thân mật, không trang trọng
intend;v. có ý định, có mục đích
kidnap;v. bắt cóc (thường để tống tiền)
knock;v. gõ (cửa)
label;n. dán nhãn, ghi nhãn
lecture;n. bài nói chuyện về một đề tài nào đó, bài giảng, bài thuyết trình
link;n. liên kết, chỗ nối
long-term;adj. dài hạn, dài ngày, lâu dài
lower;v. giảm, hạ
manufacturer;n. nhà sản xuất
market;n. thị trường, chợ, nơi mua bán sản phẩm...
material;n. vật liệu, chất liệu
matter;n. chủ đề, vấn đề, việc, chuyện
maximize;v. tối đa hóa, mở rộng cực đại
melt;v. tan chảy
mind;v. phiền, bực mình, lo lắng
mistake;n. lỗi, sai, nhầm
modernize;v. hiện đại hoá, đổi mới
mostly;adv. chủ yếu, hầu hết
narrow;v. thu hẹp, co lại
notice;v. lưu ý, lưu tâm
opinion;n. ý kiến, quan điểm
opportunity;n. cơ hội, thời cơ
organize;v. tổ chức
original;n. nguyên thủy
overseas;adj. ở nước ngoài
participate;v. tham gia
perform;v. biểu diễn, trình diễn
physical;n. khám sức khỏe
plus;prep. cộng thêm
point;v. chỉ ra điều gì
polite;adj. lịch sự
pollution;n. sự ô nhiễm
predict;v. dự báo, dự đoán trước
pretend;v. giả vờ
prevent;v. ngăn ngừa, phòng ngừa
professional;adj. chuyên nghiệp
promise;v. hứa hẹn
pronunciation;n. cách phát âm, sự phát âm
proud;adj. tự hào
publish;v. xuất bản
quality;n. chất lượng, phẩm chất
random;adj. ngẫu nhiên
rapid;adj. nhanh (trịnh trọng)
rarely;adv. hiếm khi, ít khi
rate;n. mức giá, tỉ lệ
recognize;v. nhận ra
recyclable;adj. có thể tái chế được
religion;n. tôn giáo
restore;v. hồi phục, khôi phục lại
reward;n. tiền thưởng, vật thưởng (làm việc chăm chỉ...)
rhythm;n. giai điệu, nhịp điệu
romantic;adj. Lãng mạn
rough;adj. gồ ghề, nhám, xù xì, lởm chởm
rumour;n. lời đồn, tin đồn
save;v. tiết kiệm, cứu
scandal;n. vụ bê bối, vụ tai tiếng
scientific;adj. (thuộc về) khoa học
section;n. bộ phận, phòng, ban
session;n. kỳ họp, buổi họp
shadow;n. bóng, bóng tối, bóng mát
share;n. một phần (được phân chia giữa 2 hay nhiều người)
sharp;adj.  thông minh, láu lỉnh
shortage;n. sự thiếu hụt
shy;adj. bẽn lẽn, hay xấu hổ, nhút nhát
single;n. đĩa đơn
situation;n. tình hình, vị thế
snow;n. tuyết
solution;n. giải pháp, lời giải
soul;n. linh hồn
speed;n. tốc độ
state;v. phát biểu, nói rõ, tuyên bố
stock;v. trữ hàng
strict;adj. nghiêm ngặt
sudden;adj. bất ngờ, đột ngột
suffer;v. bị, chịu, chịu đựng, khổ sở vì
suggest;v. góp ý, gợi ý
suitable;adj. phù hợp
support;v. ủng hộ, hỗ trợ
surprising;adj. đáng ngạc nhiên
symptom;n. triệu chứng, dấu hiệu
temperature;n. nhiệt độ, sốt
thought;n. đã nghĩ
tradition;n. truyền thống
transportation;n. giao thông
unemployed;adj. thất nghiệp
unfortunately;adv. thật không may
urban;adj. thuộc đô thị
valuable;adj. quý giá
warn;v. cảnh báo
weakness;n. điểm yếu, nhược điểm, khuyết điểm
wealthy;adj. giàu có
whisper;n. lời, sự thì thầm
worry;v. lo lắng
wound;n. vết thương
wrap;v. gói
ability;n. năng lực, khả năng, tài năng
absolutely;adv. hoàn toàn
absorb;v. hút, hấp thu
access;n. quyền truy cập, sự tiếp cận 
accommodation;n. chỗ ăn ở
accurate;adj. chính xác (hint :a...)
accuse;v. buộc tội, tố cáo
acknowledge;v. thừa nhận, chấp nhận sự thật của cái gì
adapt;v. thích nghi (với môi trường...)
adjust;v. điều chỉnh
administration;n. việc, sự quản trị, điều hành
admire;v. ngưỡng mộ
admission;n. nhận, kết nạp
admit;v. thừa nhận, cho vào
adolescent;n. thanh niên
advance;n. sự xảy ra trước
advantage;n. lợi thế, thuận lợi
adventure;n. cuộc phiêu lưu
affect;v. ảnh hưởng
alone;adj, adv. một mình
altogether;adv. tổng cộng, tính gộp lại
amaze;v. làm kinh ngạc, sửng sốt
amuse;v. khiến ai đó cười, thích thú
anniversary;n. ngày/lễ kỷ niệm
announce;v. thông báo
annoy;v. làm bực mình, quấy rầy
annual;adj. hàng năm
anxious;adj. lo lắng, băn khoăn
appear;v. xuất hiện
appearance;n. diện mạo, vẻ bề ngoài
application;n. sự xin việc, ứng tuyển
approve;v. chấp thuận
arrest;v. bắt giữ (bởi cảnh sát)
ashamed;adj. xấu hổ, hổ thẹn
aspect;n. khía cạnh
association;n. hội, hiệp hội
atmosphere;n. không khí
attention;n. sự chú ý
available;adj. có sẵn, sẵn sàng
besides;adv. ngoài ra, hơn nữa
budget;n. ngân sách, ngân quỹ
candidate;n. ứng cử viên, thí sinh, người dự tuyển
casual;adj. bình thường, thường ngày
ceremony;n. nghi lễ
certain;adj. chắc chắn
challenge;n. thử thách
comfort;n. sự thư thái, thoải mái
common;n. sự chung, của chung
comprise;v. bao gồm
concept;n. khái niệm
conduct;v. tiến hành, cư xử
consequence;n. kết quả, hậu quả, hệ quả, tầm quan trọng, tính trọng đại
consider;v. xem như
constant;adj. không dứt, liên tục
construct;v. xây dựng
content;adj. bằng lòng, hài lòng
context;n. ngữ cảnh, hoàn cảnh
convert;v. chuyển đổi
convince;v. Thuyết phục
courage;n. lòng dũng cảm, can đảm
crash;v. va chạm, đâm sầm
creative;adj. sáng tạo
creature;n. sinh vật, tạo vật
criminal;n. phạm tội/tội phạm
crisis;n. khủng hoảng
criticize;v. phê bình, chỉ trích
curious;adj. tò mò, thích tìm&nbsp, hiểu
custom;n. phong tục
dare;v. Dám, dám đương đầu với
debate;v. thảo luận, tranh luận
declare;v. tuyên bố, công bố
defeat;v. đánh bại, vượt qua
defend;v. phòng thủ
deforestation;n. sự tàn phá rừng, hiện tượng rừng bị tàn phá
delighted;adj. vui mừng, hài lòng, thích thú
detect;v. tìm ra, khám phá ra, nhận thấy
disappoint;v. làm thất vọng
disaster;n. thảm họa, tai họa
dismiss;v. sa thải
distribute;v. phân phối
diversity;n. sự khác biệt, đa dạng
domestic;adj. nội địa
dull;adj. chán, buồn tẻ
duration;n. khoảng thời gian
ease;v. làm dịu đi
eco-friendly;adj. thân thiện với môt trường
effort;n. nỗ lực
elect;v. lựa chọn, bầu chọn
elegant;adj. thanh lịch, tao nhã
element;n. yếu tố
emission;n. chất thải phát ra (khí, gas, ...)
emphasize;v. nhấn mạnh, làm nổi bật
enable;v. giúp, cho phép
enrol;v. kết nạp vào, ghi tên cho vào (khóa học, trường,...)
enthusiastic;adj. nhiệt tình, hào hứng
entire;adj. toàn bộ, hoàn toàn
entrance;n. lối vào, cổng
equally;adv. ngang nhau, như nhau
eternal;adj. vĩnh cửu
evidence;n. bằng chứng
evil;n. điều xấu, ác
evolution;n. sự tiến hóa
exception;n. ngoại lệ
exclude;v. loại trừ
exhibition;n. buổi triển lãm
expand;v. mở rộng, phát triển
expect;v. mong đợi
factor;n. nhân tố, yếu tố
faithful;adj. trung thành, chung thủy
fame;n. tiếng tăm, danh tiếng
familiar;adj. quen thuộc, thông thường
fasten;v. đóng, cài
fault;n. lỗi, sai lầm
firm;n. hãng, công ty
flame;n. ngọn lửa
float;v. nổi, trôi, lơ lửng
forgive;v. tha thứ
form;n. mẫu đơn
foundation;n. nền tảng, cơ sở 
frank;adj. ngay thẳng, bộc trực
frighten;v. làm ai lo sợ
gender;n. giới tính
gesture;n. điệu bộ, cử chỉ
globalization;n. sự toàn cầu hóa
goal;n. mục đích, mục tiêu
grab;v. nắm, chộp, túm lấy
graduate;n. người tốt nghiệp đại học, có bằng cử nhân
grateful;adj. biết ơn
guarantee;n. sự bảo đảm, bảo hành
guideline;n. hướng dẫn, nguyên tắc chỉ đạo
harmful;adj. có hại
heritage;n. di sản
honest;adj. trung thực, lương thiện
hospitality;n. lòng mến khách, lòng hiếu khách
host;n. chủ nhà 
humorous;adj. hài hước, khôi hài
hunt;v. săn bắn, săn bắt
ignore;v. bỏ qua, phớt lờ
imaginative;adj. giàu tưởng tượng
income;n. thu nhập
independent;adj. độc lập, không phụ thuộc
influence;v. ảnh hưởng, tác động
infrastructure;n. cơ sở hạ tầng
injured;adj. bị thương
insist;v. khăng khăng, cố nài
inspect;v. thanh tra, kiểm tra, xem xét kỹ
instinct;n. bản năng, năng khiếu
instruct;v. chỉ dẫn, chỉ thị cho
intake;n. lượng hấp thu
intermediate;adj. trung cấp, giữa cấp cao và cấp thấp
jealous;adj. ghen tuông
judge;v. phán xét, đánh giá
keen;adj. say mê
knot;n. nút thắt
lack;v. thiếu
last;v. kéo dài
lay;v. đẻ (trứng)
license;n. giấy phép, chứng chỉ, bằng
lifespan;n. tuổi thọ
likely;adj. có khả năng, có thể
limit;n. giới hạn, hết hạn dùng
liquid;n. chất lỏng
lively;adj. năng nổ, hoạt bát
location;n. vị trí
loose;adj. lỏng, chùng, rộng
loyal;adj. trung thành, trung nghĩa, trung kiên
management;n. (sự) quản lý, quản trị
mass-produce;v. sản xuất hàng loạt
mention;v. nói đến, đề cập đếm, đề xuất
method;n. phương pháp, cách thức
minimize;v. giảm thiểu, tối thiểu hóa
minority;n. thiểu số
mobile;adj. di động, lưu động
moral;adj. đạo đức
moreover;adv. hơn thế nữa, thêm vào đó
mountainous;adj. vùng núi, nhiều núi
movement;n. sự chuyển động, dịch chuyển
multicultural;adj. đa văn hóa, đa chủng tộc
naturally;adv. cố nhiên, đương nhiên
necessary;adj. cần thiết, quan trọng
negative;adj. tiêu cực, có hại
neglect;v. xao lãng, bỏ bê, lơ là
negotiate;v. thương lượng, đàm phán, điều đình
nervous;adj. lo lắng, hồi hộp
network;v. nối mạng
obey;v. tuân thủ
occasion;n. dịp, cơ hội
occur;v. xảy ra
offer;n. đề xuất, đề nghị, chào mời, chào hàng
one-sided;adj. một chiều, phiến diện
ordinary;adj. bình thường, thông thường
pack;n. túi chườm
painful;adj. đau đớn
passive;adj. thụ động
past;past. qua (khi nói giờ)
patient;n. bệnh nhân
penalty;n. hình phạt
perhaps;adv. có lẽ
permit;v. cho phép
persuade;v. thuyết phục
pleasant;adj. dễ chịu
policy;n. chính sách, hợp đồng, khế ước
portable;adj. cầm tay, dễ mang theo
portrait;n. chân dung
positive;adj. tích cực, lạc quan
precaution;n. khuyến cáo, lưu ý
pregnant;adj. đang mang thai, có mang
principle;n. nguyên tắc
privacy;n. sự riêng tư
production;n. (sự) sản xuất
promotion;n. lăng xê
proper;adj. đúng, thích hợp
propose;v. đề xuất, đưa ra, kiến nghị
prospect;n. viễn cảnh, triển vọng
prove;v. chứng minh
punish;v. phạt, trừng phạt
react;v. phản ứng
realistic;adj. hiện thực, thực tế
reasonable;adj. hợp lý
recall;v. nhớ lại
recruit;n. lính mới, nhân viên mới, thành viên mới
redundant;adj. không có việc, bị sa thải
refer;v. quy vào, nói đến
reform;v. đổi mới
regular;adj. đều đều, không thay đổi, thường lệ
release;v. phát hành
relief;n. sự nhẹ nhõm
remain;v. duy trì, vẫn còn
remind;v. nhắc nhở
repair;v. sửa, sửa chữa (máy móc)
respect;n. tộn trọng, kính trọng, khâm phục
responsible;adj. có trách nhiệm
restrict;v. giới hạn, hạn chế
retail;n. bán lẻ
return;n. tiền lãi, tiền lời
reverse;adj. ngược lại
review;n. bài đánh giá, lời đánh giá
revise;v. đọc lại, xem lại, duyệt lại, sửa lại (bản in thử, đạo luật...)
risk;n. nguy cơ, sự nguy hiểm, sự rủi ro
rival;n. đối thủ
routine;n. thói quen
rude;adj. thô lỗ, lỗ mãng
rural;adj. thuộc nông thôn, thôn quê
satisfy;v. đáp ứng, thỏa mãn (được yêu cầu, điều kiện...)
scent;n. mùi thơm
security;n. an ninh, sự an toàn
severe;adj. cực kì nghiêm trọng, trầm trọng
shame;n. sự xấu hổ, hổ thẹn
sincere;adj. chân thành
skilful;adj. tài năng, tài giỏi
spin;v. xoay vòng
split;n. sự chia bè phái, chia rẽ
standard;n. tiêu chuẩn (hint :s...)
stir;v. khuấy, đảo 
strategy;n. chiến lược, sự vạch kế hoạch hành động
stress;v. làm căng thẳng
submit;v. trình, đệ trình, biện hộ
summary;n. (bài, bản) tóm tắt
suppose;v. tin rằng, cho là
survive;v. sống sót
swear;v. thề, chửi thề
syllabus;n. giáo trình, chương trình học
sympathy;n. mối thiện cảm, thông cảm
target;n. mục tiêu, mục đích
temporary;adj. tạm thời, nhất thời, lâm thời
tension;n. sự căng thẳng, tình trạng căng thẳng
thorough;adj. kỹ lưỡng, tỉ mỉ
threaten;v. đe doạ
tolerance;n. lòng khoan dung
tough;adj. khó khăn
transparent;adj. trong suốt
treat;v. đối xử
trend;n. xu hướng
truly;adv. thực sự
typical;adj. điển hình, tiêu biểu
undo;v. mở ra, tháo ra, cởi
unique;adj. độc đáo, duy nhất
unite;v. đoàn kết, hợp lại
upset;adj. buồn phiền, thất vọng
urge;v. thúc giục, khuyến cáo
urgent;adj. cấp bách, khẩn cấp
various;adj. nhiều...khác nhau
vast;adj. rất lớn (diện tích, kích cỡ, lượng,...)
vehicle;n. phương tiện giao thông
venue;n. nơi thi đấu
verify;v. kiểm tra lại, thẩm tra, xác minh
vertical;adj. (theo chiều) thẳng đứng, dọc
violate;v. vi phạm, xâm phạm
violent;adj. có nhiều cảnh bạo lực
visible;adj. có thể nhìn thấy được
vision;n. tầm nhìn
vital;adj. thiết yếu, mang tính quyết định
wander;v. đi lang thang, đi không định hướng
whereas;conj. ngược lại, trong khi đó
widespread;adj. lan rộng, rộng rãi
willing;adj. sẵn lòng, sẵn sàng
witness;v. chứng kiến (thường là một tội ác hay tai nạn)
worsen;v. trở nên, làm cho xấu hơn, tệ hơn
worship;v. thờ phụng, tôn thờ
abandon;v. từ bỏ
abuse;v. lạm dụng, sử dụng quá nhiều dẫn đến hại sức khỏe
accompany;v. đi cùng, hộ tống
accomplished;adj. có tài, cừ khôi
achieve;v. đạt được, giành được
addition;n. phép cộng
adopt;v. chọn, áp dụng, chấp nhận và làm theo
afford;v. có khả năng chi trả
aim;v. nhắm, mục đích, hướng tới
alarm;v. khiến ai đó lo lắng, hoảng sợ
allergic;adj. dị ứng
ambiguous;adj. đa nghĩa, mơ hồ
ambition;n. hoài bão, tham vọng
analyse;v. phân tích
ancient;adj. xưa, cổ xưa
apologize;v. xin lỗi
appeal;n. sức hấp dẫn, lôi cuốn
appoint;v. chỉ định, bổ nhiệm
appreciate;v. đánh giá cao, cảm kích
approach;v. tiếp cận, tiến lại gần
appropriate;adj. thích hợp, thích đáng
approximately;adv. khoảng, gần như
artificial;adj. nhân tạo
assemble;v. thu thập, tập hợp, lắp ráp
assess;v. đánh giá, ước lượng 
assign;v. phân công
assist;v. giúp đỡ, có mặt
assume;v. đảm đương, gánh vác
attain;v. đạt được
authority;n. quyền lực
awkward;adj. lúng túng, khó xử
background;n. kiến thức, kinh nghiệm
bad-tempered;adj. nóng giận, nóng tính
ban;n. luật cấm
barrier;n. rào cản, chướng ngại vật
belong;v. thuộc về, được sở hữu bởi ai
bitter;adj. đắng
bother;v. làm bận tâm, quấy rầy
bulk;n. hầu hết, phần lớn
burden;n. gánh nặng
capable;adj. có tài, có năng lực giỏi
clarify;v. làm cho sáng sủa, dễ hiểu
coherent;adj. mạch lạc, chặt chẽ
collapse;v. sụp đổ, hỏng
commitment;n. sự tận tâm
compensate;v. bù, đền bù, bồi thường
competitive;adj. tính cạnh tranh, đua tranh
compile;v. soạn, biên soạn, soạn thảo
complicated;adj. phức tạp, rắc rối
component;n. thành phần, bộ phận
concern;n. mối quan tâm, lo lắng
conclude;v. kết luận, quyết định
concrete;n. bê tông
confidential;adj. giữ kín, bí mật
conflict;n. cuộc xung đột
conform;v. làm cho phù hợp, làm cho thích hợp
confront;v. chạm trán, đương đầu với
confuse;v. làm ai rối rắm
conscious;adj. trong trạng thái tỉnh táo, biết rõ
consume;v. tiêu thụ, tiêu dùng
contaminate;v. làm ô nhiễm, làm bẩn
continuous;adj. liên tục, không dứt
contrast;v. đối chiếu, làm tương phản
contribute;v. đóng góp
coordinate;v. kết hợp
cope;v. đối phó, đương đầu thành công (với một điều gì đó khó khăn)
criterion;n. tiêu chuẩn (hint :c...)
decent;adj. đứng đắn, tao nhã
decline;n. sự suy giảm
definitely;adv. chắc chắn, nhất định
deliberate;adj. thong thả, cố ý, chủ tâm
delicate;adj. dễ vỡ (đồ thuỷ tinh...), dễ bị tổn thương, phá hủy
deliver;v. phân phát (thư), giao (hàng), đưa ai đến đâu
demolish;v. phá huỷ, phá bỏ
demonstrate;v. bày tỏ, biểu lộ, cho thấy, chứng minh, giải thích
deny;v. chối, phủ nhận
depress;v. làm ai chán nản, sầu não
deserted;adj. bỏ hoang, hoang vắng
deserve;v. xứng đáng, đáng
desire;v. thèm muốn, khao khát, ao ước
desperate;adj. tuyệt vọng
devastating;adj. tàn phá, phá huỷ
devise;v. nghĩ ra, sáng chế
devoted;adj. tận tâm
diagnose;v. chuẩn đoán
dimension;n. kích thước, khổ
diminish;v. suy giảm, thu nhỏ
direct;v. làm đạo diễn (phim, kịch..)
disgust;v. làm ai đó ghê tởm
dissolve;v. hoà tan, tan ra
distorted;adj. bị bóp méo, bị xuyên tạc
distracting;adj. gây xao nhãng, mất tập trung
disturb;v. quấy rầy, làm phiền
dominate;v. trội hơn, chiếm ưu thế
dramatic;adj. mạnh mẽ, ấn tượng
effective;adj. có hiệu quả, có tác dụng
efficient;adj. có hiệu quả, có hiệu suất, có năng suất (cao)
elastic;adj. đàn hồi, co giãn
embarrass;v. làm lúng túng, làm ai ngượng
emerge;v. đi ra từ một nơi tối, hạn hẹp hay ẩn, nổi lên, hiện ra
encourage;v. khuyến khích, động viên
endanger;v. gây nguy hiểm
enrich;v. nâng cao chất lượng
entertaining;adj. mang tính giải trí
establish;v. thành lập, thiết lập
estimate;v. ước lượng
evident;adj. hiển nhiên, rõ ràng
excite;v. kích thích, kích động
excuse;n. lời xin lỗi, lý do để xin lỗi
exploit;v. khai thác, bóc lột
express;adj. nhanh, hỏa tốc, tốc hành.
extend;v. gia hạn, kéo dài (thời hạn...)
extensive;adj. lớn, rộng lớn
face;n. khuôn mặt
facility;n. cơ sở vật chất, trang thiết bị
feasible;adj. khả thi
finite;adj. có hạn
flourish;v. phát triển (hint :f...)
fluency;n. sự lưu loát, sự thông thạo
formerly;adv. trước đây
fraud;n. sự gian lận, sự lừa gạt
fruitless;adj. không có kết quả, thất bại, vô ích
gain;n. sự gia tăng (về lượng như tiền bạc, cân nặng...)
gradual;adj. từ từ
guilty;adj. cảm thấy xấu hổ vì đã làm điều gì xấu, hoặc vì đã không làm một việc mà đáng lẽ phải làm
handle;v. xử lí, giải quyết
hang;v. treo
hatred;n. lòng căm thù, sự căm ghét
hesitate;v. do dự
honour;n. danh tiếng, danh dự
horizontal;adj. ngang, nằm ngang
identify;v. nhận diện, nhận biết, xác định
illegal;adj. bất hợp pháp, trái phép
illustrate;v. minh họa
imitate;v. bắt chước, sao chép
immune;adj. miễn dịch
impact;n. sự tác động mạnh, ảnh hưởng mạnh
implement;v. thi hành, thực hiện
imply;v. ngụ ý, hàm ý, ẩn ý, ý nói
impose;v. bắt chịu, bắt gánh vác
impossible;adj. không thể
impressive;adj. gây ấn tượng
improve;v. tốt lên
incentive;n. các phần thưởng khuyến khích nhân viên làm việc tốt hơn, động cơ
indicate;v. chỉ ra, cho biết điều gì
inevitable;adj. không thể tránh được, chắc chắn xảy ra
infect;v. lây bệnh cho người, động vật, cây cối
infer;v. suy ra, kết luận
ingredient;n. thành phần, nguyên liệu
inhabitant;n. dân cư
inherent;adj. vốn có, cố hữu
initial;adj. ban đầu, đầu
innocent;adj. vô tội
innovative;adj. sáng tạo, đổi mới
inspiration;n. cảm hứng
insult;n. điều lăng mạ, xúc phạm
insurance;n. bảo hiểm
intense;adj. mạnh, có cường độ lớn
interact;v. tương tác, tiếp xúc
interpret;v. giải thích, làm sáng tỏ
interrupt;v. gián đoạn
investigate;v. điều tra, nghiên cứu
involve;v. bao gồm, liên quan
irritate;v. kích thích, làm tấy lên, làm rát
justice;n. sự công bằng
launch;v. phát động, khởi động
leading;adj. hàng đầu, chính, quan trọng
life-threatening;adj. đe dọa đến tính mạng, hiểm nghèo
magical;adj. có ma lực, có sức lôi cuốn, được sử dụng trong ảo thuật
maintain;v. duy trì
mature;adj. trưởng thành, chín chắn
mild;adj. nhẹ, ở mức độ nhẹ
mission;n. sứ mệnh, nhiệm vụ
moderate;adj. khiêm tốn, vừa phải, trung bình
motivate;v. thúc đẩy, động viên
multiply;v. nhân, nhân lên
mysterious;adj. bí hiểm, huyền bí
neutral;adj. trung lập
nominal;adj. chỉ tồn tại trên danh nghĩa, hữu danh vô thực
numerous;adj. rất nhiều
observe;v. quan sát, theo dõi
obstacle;n. trở ngại, khó khăn
obtain;v. giành được, kiếm được (to acquire)
obvious;adj. rõ ràng, rành mạch, hiển nhiên
occupy;v. chiếm giữ, ở, cư ngụ
offensive;adj. xúc phạm, công kích
old-fashioned;adj. lỗi thời
operate;v. vận hành, làm cho hoạt động
operation;n. ca phẫu thuật
opponent;n. đối phương, đối thủ
oppose;v. chống đối, phản đối
option;n. sự chọn lựa, quyền lựa chọn
outcome;n. kết quả, hậu quả
outline;n. đề cương, dàn bài
overall;adj. toàn bộ, toàn thể, tất cả, nói chung
overcome;v. vượt qua
overeat;v. ăn quá mức, ăn vô độ
owe;v. nợ, mắc nợ, mang ơn
particularly;adv. rất, cực kì, đặc biệt (ở một vùng, khu vực nào đó)
passionate;adj. nồng nhiệt, đam mê
peak;n. đỉnh cao, cao điểm
permanent;adj. lâu dài, thường trực, cố định
persistent;adj. kiên trì, dai dẳng
personality;n. tính cách, cá tính
pioneer;n. người tiên phong
pity;n. điều đáng tiếc
poisonous;adj. độc hại (hint :p...)
polish;n. chất đánh bóng
possess;v. có, sở hữu
possibility;n. khả năng (có thể xảy ra hoặc tồn tại)
potential;adj. tiềm năng, tiềm tàng
practical;adj. thực tế, thực tiễn
praise;v. khen ngợi, tuyên dương
precise;adj. chính xác (hint :p...)
prestige;n. uy tín, thanh danh
priority;n. quyền ưu tiên
progress;n. sự tiến bộ, sự tiến triển
prohibit;v. cấm, ngăn cấm
promptly;adv. mau lẹ, nhanh chóng, ngay lập tức, tức thời
proportion;n. sự cân đối, phần
punctual;adj. đúng giờ
pure;adj. tinh khiết, nguyên chất, thuần túy
qualification;n. năng lực, trình độ (để làm cái gì)
qualify;v. đủ tư cách, khả năng, điều kiện
quantity;n. lượng, số lượng
raise;v. nâng lên, đưa lên
ratio;n. tỷ số, tỷ lệ
reach;v. đạt đến một mốc hay giai đoạn nào đó
reception;n. quầy lễ tân
recommend;v. giới thiệu, tiến cử
recover;v. hồi phục
regulation;n. quy tắc, nội quy
reject;n. đồ thừa, đồ bỏ, phế phẩm
relate;v. liên kết, liên quan
relevant;adj. có liên quan
reliable;adj. đáng tin cậy
remarkable;adj. phi thường, đáng chú ý
remedy;n. cách khắc phục
renovate;v. sửa chữa
represent;v. đại diện, tượng trưng cho
reputation;n. danh tiếng, thanh danh, tiếng (tốt của nhân vật)
request;n. lời thỉnh cầu, lời yêu cầu
require;v. đòi hỏi, yêu cầu
rescue;n. sự cứu, giải cứu
resist;v. kháng cự, chống lại
resolve;v. giải quyết
resource;n. nguồn, nguồn lực
respond;v. hồi âm, phúc đáp
result;n. kết quả, đáp số
retain;v. giữ lại, tiếp tục có
reveal;v. tiết lộ
ridiculous;adj. lố bịch, ngu ngốc, vô lí
route;n. tuyến đường
scattered;adj. rải rác, lác đác
scratch;n. sự trầy da, vết thương nhẹ, vết xước
seek;v. tìm kiếm
self-expression;n. sự tự thể hiện (bản thân)
sensible;adj. khôn ngoan
sensitive;adj. nhạy cảm
separate;v. chia, tách
settle;v. ngồi, đậu, bố trí, định cư, làm ăn sinh sống, giải quyết, hòa giải, dàn xếp
shallow;adj. cạn, nông, không sâu
shatter;v. làm vỡ, làm gãy thành nhiều mảnh
short-term;adj. ngắn hạn
significant;adj. có tầm quan trọng, đáng kể
smooth;adj. hòa nhã, lễ độ
sophisticated;adj. tinh vi, phức tạp
specific;adj. cụ thể, rõ ràng, rành mạch
spoil;v. làm hỏng
spread;n. phết, lan rộng
stare;v. nhìn chằm chằm
steady;adj. đều đặn, ổn định
sticky;adj. dính
striking;adj. nổi bật, gây ấn tượng sâu sắc
strive;v. cố gắng, phấn đấu (để đạt được một điều gì đó)
struggle;v. đấu tranh
stunning;adj. ấn tượng, cuốn hút
subjective;adj. chủ quan
substance;n. chất
substitute;v. thay thế
successful;adj. thành công
superior;n. người có vị thế, cấp bậc cao hơn, cấp trên
surface;n. mặt, bề mặt
surround;v. bao quanh
suspect;v. nghi ngờ, ngờ vực
sustain;v. giữ vững được, duy trì
sweep;v. quét
tend;v. có xu hướng, có khuynh hướng, thường
terrorism;n. chủ nghĩa khủng bố
toxic;adj. độc hại (hint :t...)
transfer;v. chuyển
transform;v. thay đổi, biến đổi
ultimately;adv. cuối cùng, sau cùng
valid;adj. có giá trị, có hiệu lực
vivid;adj. sinh động
vulnerable;adj. dễ bị tổn thương
withdraw;v. rút tiền
wonder;n. kỳ quan
worthwhile;adj. đáng giá, xứng đáng