I get up;Tớ thức dậy
I'm yawning;Tớ đang ngáp
I'm sleepy;Tớ đang buồn ngủ
I wash my face;Tớ rửa mặt
The water is cold;Nước rất lạnh
I can't open my eyes;Tớ không thể mở mắt
I drink some milk;Tớ uống 1 chút sữa
I like milk;Tớ thích sữa
I eat toast;Tớ ăn bánh mì nướng
I wipe my mouth;Tớ lau miệng
The toast and the milk are good;Bánh mì nướng và sữa rất ngon
I'm getting full;Tớ no rồi
I take off my pajamas;Tớ cởi quần áo ngủ
I finish my breakfast;Tớ đã ăn sáng xong
What shall I wear?;Tớ nên mặc gì đây?
I put on my clothes;Tớ mặc quần áo
I wear my underpants;Tớ mặc quần chíp
I can't see anything now;Lúc này tớ không thể nhìn thấy gì cả
I put on my pink blouse;Tớ mặc chiếc áo hồng
I button up my blouse;Tớ cài cúc áo
This blouse has three buttons;Chiếc áo này có 3 cái cúc
I put on my green skirt;Tớ mặc chiếc váy xanh lá cây
This is my favorite skirt;Đây là chiếc váy tớ thích
Do I look pretty?;Trông tớ có xinh không?
I look at some pretty flowers;Tớ ngắm một vài bông hoa đẹp
I pour some misosoup over rice;Tớ chan súp miso (canh tương) lên cơm
Mommy doesn't like me to do so;Mẹ không thích tớ làm như vậy
I spill my miso soup;Tớ làm súp tràn ra ngoài
They smell good;Chúng rất thơm
Mommy takes care of these flowers;Mẹ chăm sóc những bông hoa này
I walk;Tớ đi bộ
 I walk to school;Tớ đi bộ đến trường
I wear my green shoes;Tớ đi đôi giầy màu xanh lá
I water the flowers;Tớ tưới hoa
Tulips are colorful;Hoa tuy-lip rất sặc sỡ
I use my watering can;Tớ dùng bình tưới hoa của mình
I water the garden;Tớ tưới nước cho khu vườn
I fill my watering can;Tớ lấy đầy nước vào bình
It's hot today;Hôm nay trời nóng
I swim in the ocean;Tớ bơi ở biển
I wear my swimsuit and bathing cap;Tớ mặc bộ đồ bơi và mũ tắm
I can swim very well;Tớ có thể bơi rất tốt
I eat ice cream;Tớ ăn kem
I'm hot;Tớ thấy nóng
I'm sweating;Tớ đang đổ mồ hôi
I turn on the water;Tớ mở nước
I run the water;Tớ cho nước chảy
I look at the water running;Tớ nhìn nước chảy
I turn off the water;Tớ khóa nước lại
I save water;Tớ tiết kiệm nước
Water is important;Nước rất quan trọng
I put some soap in the washing machine;Tớ đổ một chút xà phòng vào máy giặt
I put in too much soap;Tớ lỡ đổ quá nhiều xà phòng
I do the laundry;Tớ giặt đồ
I put in dirty clothes;Tớ cho quần áo bẩn vào
There are so many dirty clothes;Có rất nhiều quần áo bẩn
I shouldn't put in many clothes;Tớ không nên cho quá nhiều quần áo vào máy giặt
I turn on the switch;Tớ bật công tắc
The washing machine starts working;Máy giặt bắt đầu hoạt động
It's noisy;Nó rất ồn
I wash the clothes with soap;Tớ giặt quần áo với xà phòng
I wash some clothes by myself;Tớ tự giặt một ít quần áo
I make a lather;Tớ tạo ra bọt xà phòng
I rinse the clothes;Tớ giũ quần áo
They are getting clean;Quần áo sạch hơn rồi
I have to wring the water out of them;Tớ phải vắt kiệt nước khỏi quần áo
I talk with Mommy;Tớ nói chuyện với mẹ
I carry the washing basket;Tớ xách chiếc giỏ đựng quần áo
I help Mommy;Tớ giúp đỡ mẹ
I hang the washing out;Tớ phơi quần áo
I'm standing on the stool;Tớ đứng trên chiếc ghế đẩu
I put clothes pins on the clothes;Tớ kẹp những chiếc ghim vào quần áo
I smooth it down;Tớ kéo phẳng quần áo
It will remove the wrinkles; Nó sẽ làm các vết nhàu biến mất
I'm standing on tiptoes;Tớ đang đứng trên mũi chân của mình
I hand a ladle to Mommy;Tớ đưa cho mẹ một cái muỗng canh
I help Mommy to cook;Tớ giúp mẹ nấu ăn
We make lunch together;Hai mẹ con tớ cùng nhau nấu bữa trưa
I make noodles;Tớ nấu mì
I make the dough thinner;Tớ làm cho bột mỏng hơn
I use the rolling pin;Tớ dùng  cây lăn bột
I leave the table;Tớ rời khỏi bàn
I finish setting the table;Tớ đã sắp xếp bàn ăn xong
Lunch is ready;Bữa trưa đã sẵn sàng
I finish my bowl;Tớ đã ăn xong phần của mình
It's very tasty;Nó rất ngon
I like noodles;Tớ thích ăn mì
I take a nap;Tớ nghỉ trưa
My cat takes a nap too;Mèo của tớ cũng nghỉ trưa
I put a blanket on my tummy;Tớ đắp chăn lên bụng của mình
I go into my room;Tớ đi vào phòng mình
I open the door;Tớ mở cửa
I have a soccer ball in my room;Tớ có 1 quả bóng đá trong phòng của mình
I change my shirt;Tớ thay áo
It's a purple shirt with black stripes;Đó là một chiếc áo tím kẻ sọc
I feel nice with the clean shirt;Tớ cảm thấy dễ chịu với chiếc áo sạch sẽ
I play with water;Tớ nghịch nước
There is a yatch and a ship in my basin;Có một chiếc thuyền và một chiếc tàu ở trong bồn nước của tớ
It's fun to play with a water pistol;Thật thú vị khi chơi với một khẩu súng nước
I watch out for cars;Tớ để ý những chiếc xe hơi
I hold a yellow flag in my left hand;Tớ cầm một lá cờ màu vàng ở tay trái
I look both ways very carefully;Tớ nhìn cẩn thận cả hai bên đường
I bite my friend;Tớ cắn bạn tớ
My friend looks surprised;Bạn tớ có vẻ rất sửng sốt
Sometimes we fight with each other;Đôi khi chúng tớ còn cãi lộn với nhau
I hold his hand;Tớ cầm tay cậu ấy
I like him;Tớ quý cậu ấy
We're good friends;Chúng tớ là bạn tốt của nhau
I show him my goldfish;Tớ cho cậu ấy xem con cá vàng
It's red;Nó màu đỏ nữa
The goldfish swims slowly;Con cá vàng bơi chầm chậm
I take off my shoes;Tớ bỏ giầy
I don't wear socks;Tớ không đi tất
I walk barefoot;Tớ đi chân trần
I ride my bicycle;Tớ đi xe đạp
I can ride it very well;Tớ có thể đi xe đạp rất tốt
Cool air feels nice;Không khí mát mẻ thật dễ chịu
I take a picture;Tớ chụp 1 bức ảnh
My dog poses for a picture;Con chó của tớ tạo dáng
He wears a red tie;Nó đeo một cái nơ đỏ
I color the apple red;Tớ tô quả táo màu đỏ
I color the banana yellow;Tớ tô quả chuối màu vàng
I have many crayons;Tớ có rất nhiều bút màu
I prepare the dinner;Tớ chuẩn bị bữa tối
The pot is on the stove;Cái nồi ở trên bếp ga
I wonder if I can cook it well;Tớ đang tự hỏi liệu mình có thể nấu ăn ngon không
I make a house with blocks;Tớ xếp một ngôi nhà với các khối hình
Those blocks are colorful;Những khối hình này rất nhiều màu sắc
It's easy to pile them up;Rất dễ để xếp chúng thành chồng
I play in the kitchen;Tớ chơi trong nhà bếp
I put my doll on the chair;Tớ để búp bê lên ghế
The dinning table is covered with my favorite table cloth;Bàn ăn được phủ bằng một tấm vải bàn mà tớ rất thích
I put the peas into a jar;Tớ cho hạt đậu vào trong lọ
It's difficult to put them in it;Rất khó để bỏ các hạt đậu vào lọ
I spill some of them;Tớ đã làm rơi một vài hạt ra ngoài
I pick up some beans;Tớ nhặt một vài hạt đậu lên
I wonder how many peas there are;Tớ tự hỏi có bao nhiêu hạt ở đây
I have to crawl under the table;Tớ phải bò dưới bàn
I sweep the floor;Tớ quét nhà
It's so dusty;Nó rất bụi
I clean it every day;Tớ dọn dẹp mỗi ngày
I hold the dustpan;Tớ cầm cái hót rác
I put the trash in the dustpan;Tớ cho rác vào cái hót rác
The room is clean now;Bây giờ căn phòng đã sạch sẽ rồi
I open the window;Tớ mở cửa sổ
It's sunny today;Hôm nay trời nắng
The flowers look fresh;Những bông hoa tươi roi rói
I look out the window;Tớ nhìn ra ngoài cửa sổ
I'm waiting for my friend to come;Tớ đang đợi  bạn tớ đến
I wonder where she's walking now;Tớ tự hỏi  cô ấy đang  đi  bộ đến  đâu rồi?
I ride a horse;Tớ cưỡi ngựa
The horse is big;Tớ ngựa rất to
I enjoy riding;Tớ thích cưỡi ngựa
I light a match;Tớ quẹt 1 que diêm
The match is burning;Que diêm đang cháy
It's hot;Nó nóng
I put a candle down;Tớ đặt một ngọn nến xuống
I hold it with my right hand;Tớ cầm nó bằng tay phải
I squat down;Tớ ngồi xuống  (squat: ngồi xổm)
I put trash into the trash can;Tớ bỏ ra vào thùng rác
Don't litter the room;Đừng làm vương vãi ra phòng nhé
It already has some trash;Có một ít rác ở trong thùng rác rồi
I play ring toss;Tớ chơi ném vòng
I throw the blue ring;Tớ ném vòng màu xanh
I throw the red one on successfully;Tớ đã ném trúng vòng màu đỏ
I sleep in my bed;Tớ ngủ trên giường
My quilt is a yellow one with green dots;Chăn của tớ là chăn màu vàng chấm bi xanh
I'm Superman in my dream;Trong giấc mơ tớ là siêu nhân
I go to the bathroom;Tớ vào phòng tắm
I'm wee-weeing;Tớ đi tè
I rub my eye;Tớ rụi mắt
I take my pants down;Tớ kéo quần xuống
I bend down;Tớ cúi xuống
I put my pants on the floor;Tớ để quần ở trên sàn
I sit on the potty;Tớ ngồi trên cái bô
I put my hands on my knees;Tớ đặt tay trên đầu gối
I want to poo-poo;Tớ muốn đi ị
I make poo-poo;Tớ đi ị
I strain;Tớ rặn
I make grimaces;Tớ nhăn mặt
I wipe my fanny;Tớ lau sạch sẽ
I tear off some toilet paper;Tớ xé một ít giấy vệ sinh
I can do it by myself;Tớ có thể tự làm việc này
I flush the toilet;Tớ xả bồn cầu
Pew, it stinks;Eo, nó rất hôi
The water goes down;Nước chảy xuống dưới
I put away my pajamas;Tớ cởi bộ đồ ngủ
I have a bag for my pajamas;Tớ có túi đựng đồ ngủ
I change my clothes;Tớ thay quần áo
I wear my green striped shirt;Tớ mặc chiếc áo sọc xanh
Does it suit me?;Trông nó có hợp với tớ không?
I pass the butter;Tớ bỏ bơ sang một bên
I eat a fried egg and two sausages;Tớ ăn trứng rán và hai cái xúc xích
I also drink some milk;Tớ cũng uống một chút sữa nữa
I spill some milk;Tớ làm đổ một ít sữa ra ngoài
My elbow hit my cup;Khuỷu tay của tớ chạm vào cốc
I made a mess again;Tớ lại làm mọi thứ bừa bãi rồi
I get the rag;Tớ lấy giẻ lau
I have to wipe the table;Tớ phải lau bàn
My slippers come off;Dép của tớ trượt cả ra khỏi chân
I take my dishes to the sink;Tớ mang đĩa chén đến bồn rửa
I hold them with both hands;Tớ cầm chúng bằng cả hai tay
I walk very carefully;Tớ đi rất cẩn thận
I carry the stool;Tớ mang cái ghế đẩu ra
It's not so heavy;Nó không nặng lắm
Now, I'm going to do the dishes;Bây giờ tớ sẽ rửa chén đĩa
I go for a walk;Tớ đi dạo bộ
I feel happy;Tớ cảm thấy vui
I like going out;Tớ thích đi ra ngoài
I go to the park;Tớ đi đến công viên
It's my favorite place;Đó là địa điểm yêu thích của tớ
The gate is made of stone;Cổng được làm bằng đá
I look for good;Tớ tìm đồ
I open my bag;Tớ mở túi của mình ra
I brought some sweets;Tớ đã mang theo vài viên kẹo
I slide down the slide;Tớ trượt  cầu
The slide is in the shape of an elephant;Chiếc cầu trượt có hình con voi
It's a lot of fun;Thật là nhiều niềm vui
I see yellow flowers;Tớ nhìn thấy những bông hoa màu vàng
They are yellow tulips;Chúng là những bông hoa tuy-lip màu vàng
I count them;Tớ đếm chúng
I pick flowers;Tớ hái hoa
I want to give them to Mommy;Tớ muốn tặng hoa cho mẹ
Mommy will be glad;Mẹ sẽ rất vui
I hold Mommy's hand;Tớ cầm tay mẹ
Her hand is warm;Tay mẹ rất ấm
We go shopping;Tớ và mẹ đi mua sắm
I hurt my knee;Tớ làm đau đầu gối
I tripped over a stone;Tớ vấp phải một hòn đá
It hurts a lot;Nó rất đau
I eat ozoni;Tớ ăn súp ozoni * Ozoni: một một súp truyền thống của Nhật Bản
I can use my chopsticks well;Tớ có thể dùng đũa rất thành thạo
I put flour, water and eggs in the bowl;Tớ cho bột mì, nước và trứng vào trong 1 cái bát
I'm breaking an egg;Tớ đập một quả trứng
I'm a good cook;Tớ là một người nấu ăn giỏi
I stir them;Tớ khuấy chúng lên
I use a whisk;Tớ dùng một cái máy đánh trứng
I need much power to stir them;Tớ cần dùng nhiều sức để khuấy
I add a pinch of salt;Tớ bỏ thêm một chút muối
The salt is in a green pot;Muối ở trong cái lọ màu xanh
I season with salt;Tớ thêm muối vào
I ladle the batter;Tớ múc bột (batter: bột nhão)
I scoop it with a spoon;Tớ múc bằng một cái thìa
I have to be careful not to put in too much batter;Tớ phải cẩn thận không cho quá nhiều bột vào
I turn it over;Tớ dốc ngược bột xuống
It is mixed well;Nó được trộn rất kĩ rồi
It became a lump;Nó đã trở thành một cục bột
I knead it;Tớ nhào/ nặn cục bột
I sprinkle some flour over the board;Tớ rắc một ít bột mì lên tấm ván
It makes me tired;Nhào bột khiến tớ rất mệt
I read a book;Tớ đọc 1 cuốn sách
It's a very colorful picture book;Nó là một cuốn sách rất nhiều màu
I put my bear by my side;Tớ để con gấu bông bên cạnh mình
 I go to see my friend;Tớ đi gặp bạn của tớ
He lives in the next town;Cậu ấy sống ở thị trấn ngay cạnh
What shall we play today?;Hôm nay chúng tớ nên chơi gì đây?
I forgot my wallet;Tớ quên ví mất rồi
I have to go back soon;Tớ phải quay lại sớm
I can't take a bus without money;Tớ không thể bắt xe buýt mà không có tiền được
I draw the curtains;Tớ kéo rèm
It's getting dark;Trời trở nên tối hơn
I see a lot of people going home;Tớ nhìn thấy rất nhiều người đang trên đường về nhà
I lock the door;Tớ khóa cửa
I insert the key in the lock;Tớ cho chìa khóa vào ổ khóa
Don't forget to lock the door before you go out;Đừng quên khóa cửa trước khi bạn ra ngoài nhé
I put coins into the ticket machine;Tớ cho đồng xu vào máy bán vé
I know how to get the ticket;Tớ biết cách làm thế nào để lấy vé
There are always so many people in the station;Luôn luôn có rất nhiều người ở nhà ga (trạm)
I push the button;Tớ ấn nút
Then, the ticket comes out of the machine;Sau đó tấm vé sẽ ra khỏi chiếc máy
I only have to pay half the price;Tớ chỉ phải trả một nửa giá tiền thôi
I put the ticket in my pocket;Tớ cho vé vào túi quần
I must remember where I put it;Tớ phải nhớ nơi tớ để vé
I had my ticket punched;Vé của tớ đã được đục lỗ
I run around in the train;Tớ chạy vòng quanh trên tàu hỏa
Nobody sits here;Không có ai ngồi ở đây cả
Wow, it's a lot of fun;Ồ, thật nhiều điều thú vị
I get off the train;Tớ ra khỏi tàu
I jump onto the platform;Tớ nhảy lên sân ga
The train is going to pull out;Tàu sẽ chạy qua một bên
I give my ticket to the station employee;Tớ đưa vé cho nhân viên soát vé của nhà ga
He wears a blue uniform;Chú ấy mặc đồng phục màu xanh
I want to become a station employee too;Tớ cũng muốn trở thành nhân viên nhà ga
I wait for the flower to bloom;Tớ chờ hoa nở
It has a pink bulb;Nó có nụ màu hồng
I planted seeds in this flower pot;Tớ đã gieo hạt vào chiếc bình hoa này
I take the toy away from my friend;Tớ giật đồ chơi khỏi tay bạn tớ
He wants to play with it too;Cậu ấy cũng muốn chơi
He tries to get it back;Cậu ấy cố gắng tìm cách lấy nó lại
I share my toy with Yukio;Tớ chia sẻ đồ chơi với Yukio
We should be kind to friends;Chúng ta nên tử tế với bạn bè
He is glad;Cậu ấy rất vui
I play with blocks;Tớ chơi với các khối xếp hình
I want to stack the blocks as tall as I am;Tớ muốn xếp chồng các hình khối cao như tớ
There're many kinds of shapes of blocks;Có rất nhiều hình khối có hình dạng khác nhau
I finish the puzzle;Tớ đã xếp hình xong
I put the last piece in the center of it;Tớ xếp mảnh ghép cuối cùng vào giữa bức tranh
It turned out to be a purple car;Nó đã trở thành một chiếc xe hơi màu tím
I meet a friend;Tớ gặp một người bạn
I wave to her;Tớ vẫy cô ấy
We talk for a while;Chúng tớ nói chuyện một lát
 I go shopping;Tớ đi mua sắm
I get to the shop;Tớ đến cửa hàng
I can see a lot of fruit;Tớ nhìn thấy rất nhiều hoa quả
I hold a basket;Tớ xách một chiếc giỏ
It's big;Nó rất to
I carry it with both hands;Tớ phải xách nó bằng cả hai tay
I buy some bananas;Tớ mua vài quả chuối
I like bananas;Tớ thích chuối
I choose ripe ones;Tớ chọn những quả đã chín
I say the name of the vegetable;Tớ đọc tên của loại củ
It is “carrot”;Đó là cà rốt
Can you name the fruit?;Bạn có thể kể tên một loại quả không?
I eat ice cream in the coffee shop;Tớ ăn kem trong quán cà phê
Mommy drinks cream soda;Mẹ uống soda kem
We have a good time;Tớ và mẹ đã có khoảng thời gian tuyệt vời bên nhau
I honk the horn;Tớ bấm còi
It makes a big noise;Nó tạo ra tiếng ồn rất lớn
I sit in the driver's seat;Tớ ngồi vào ghế lái xe
I cook dinner;Tớ nấu bữa tối
I mix the ingredients with chopsticks;Tớ dùng đũa trộn các nguyên liệu với nhau
I slice the cucumber;Tớ thái dưa chuột
I run very fast;Tớ chạy rất nhanh
I want to win the race;Tớ muốn thắng cuộc đua này
I tie the red band around my head;Tớ đeo một chiếc băng đỏ quanh đầu
I throw a ball;Tớ ném bóng
I try to throw it far;Tớ cố gắng ném nó thật xa
It's fun to play outside;Chơi ở ngoài thật vui
I dig in the garden;Tớ đào hố ở trong vườn
I use a shovel;Tớ dùng một cái xẻng
I stretch out my legs;Tớ dang chân ra
I walk fast;Tớ đi bộ rất nhanh
I swing my arms;Tớ vung vẩy tay
Walking fast is good for my health;Đi bộ nhanh rất tốt cho sức khỏe của tớ
I walk slowly;Tớ đi bộ chậm
I feel like a turtle;Tớ thấy mình giống như một con rùa vậy
It takes more time to get to the place;Sẽ tốn thời gian hơn để đến một nơi nào đó
I pull weeds;Tớ nhổ cỏ
It's hard work;Đó là một công việc nặng nhọc
There are a lot of weeds in my garden;Có rất nhiều cỏ ở trong vườn
I pick baby corn;Tớ hái ngô non
The bowl is almost full;Cái bát gần đầy rồi
The stalks grow high;Thân cây mọc cao
I sit on the sofa;Tớ ngồi trên ghế sofa
I hold a toy rabbit in my arm;Tớ giữ con thỏ đồ chơi ở trong tay mình
I wonder where Mommy has gone;Tớ tự hỏi không biết mẹ đi đâu rồi
I hop about;Tớ nhảy lò cò
Mommy comes back;Mẹ đã quay về
I'm happy;Tớ rất vui
I have dinner;Tớ ăn tối
I wear my yellow bib;Tớ đeo cái yếm màu vàng
I eat rice a lot;Tớ ăn rất nhiều cơm
I set the table;Tớ chuẩn bị bàn ăn
I spread the tablecloth over the table;Tớ trải khăn trải bàn
I have a party today;Tớ có một bữa tiệc hôm nay
I put the flowers on the table;Tớ đặt hoa lên bàn
The flowers are beautiful;Hoa rất đẹp
I put them at the center of the table;Tớ để hoa vào chính giữa bàn
I carry the dish with two hands;Tớ bê đĩa bằng hai tay
It looks delicious;Nó trông rất ngon
I help Mommy to prepare for the party;Tớ giúp mẹ chuẩn bị bữa tiệc
I sit on the chair;Tớ ngồi lên ghế
I'm sitting still;Tớ vẫn đang ngồi
I'm well-mannered;Tớ rất lịch sự
I take a bath;Tớ đi tắm
I'm naked;Tớ đang không mặc gì
I take my toy with me;Tớ mang theo đồ chơi của mình
I shampoo my sister's hair;Tớ gội đầu cho em gái
She looks like she feels better;Có vẻ như em ấy đang cảm thấy tốt hơn
She has short hair;Em ấy có tóc ngắn
I feel better;Tớ cảm thấy dễ chịu hơn
The toy duck is floating around me;Con vịt đồ chơi đang nổi bồng bềnh quanh người tớ
I count twenty with my body soaked;Tớ ngâm mình trong nước và đếm đến 20
I dry my body;Tớ lau khô người
I feel warm;Tớ thấy ấm
I wrap myself in a bathtowel;Tớ quấn người mình bằng một chiếc khăn tắm
 I weigh myself on the scale;Tớ cân
I look at the scale;Tớ nhìn vào cân
I put on weight;Tớ tăng cân rồi
I have seafood for dinner;Tớ ăn hải sản cho bữa tối
I have two rolls instead of rice;Tớ ăn hai ổ bánh mì thay cơm
I like fried shrimp;Tớ thích ăn tôm chiên
I hold my breath;Tớ nín thở
I have hiccups;Tớ bị nấc
I want Mommy to tap my back;Tớ muốn mẹ vỗ đằng sau lưng cho tớ
I get into bed;Tớ leo lên giường
I sleep with my bear;Tớ ngủ với con gấu bông của mình
I want to have a good dream;Tớ muốn mơ một giấc mơ thật đẹp
I get under the blanket;Tớ chui dưới chăn
I crawl under the blanket;Tớ bò dưới cái chăn
I feel like a caterpillar;Tớ thấy mình giống như 1 con sâu vậy
 I stay at home alone;Tớ ở nhà một mình
I feel lonely;Tớ cảm thấy cô đơn
I hope Mommy comes home soon;Tớ mong mẹ sẽ sớm về nhà
I eat a lot;Tớ ăn rất nhiều
I eat every kind of food;Tớ ăn nhiều loại thức ăn
Sometimes I eat too much;Đôi lúc tớ ăn quá nhiều
I fall and get hurt;Tớ ngã và bị đau
My leg is bleeding;Chân của tớ chảy máu
I try not to cry;Tớ cố không khóc
I cover myself up in the blanket;Tớ đắp chăn lên người
I'm going to take a nap;Tớ sẽ đi nghỉ trưa
I look at my toes under the blanket;Tớ nhìn vào những ngón chân ở dưới chăn 
I carry my school bag;Tớ mang theo cặp sách
It's new;Nó là cặp sách mới
I think it's suit me;Tớ nghĩ nó rất hợp với tớ
I forgot to gargle;Tớ quên súc họng
I always gargle before I go out;Tớ luôn luôn súc họng khi đi ra ngoài
It prevents catching a cold;Nó giúp ngăn ngừa bị cảm lạnh
I see a doctor;Tớ gặp bác sĩ
I have a sore throat;Tớ bị viêm họng
He checks my throat;Bác ấy kiểm tra họng của tớ
I get a shot; Tớ bị tiêm
I roll up my left sleeve;Tớ vén tay áo bên trái lên
The shot is painful;Tiêm rất đau
I sing a song;Tớ hát một bài hát
I sing along with the piano;Tớ hát  theo  đàn piano
I clasp my hands behind my back;Tớ nắm chặt tay mình ở đằng sau lưng
I play the piano;Tớ chơi đàn
I practice it every day;Tớ luyện tập mỗi ngày
 I take a piano lesson once a week;Tớ tham gia lớp học đàn piano mỗi tuần một lần
 I clap my hands;Tớ vỗ tay
I watch a show;Tớ xem một buổi trình diễn
I clap my hands in time to the music;Tớ vỗ tay theo nhạc
I click my castanets;Tớ bật chiếc castenet của tớ lên * Castenets là nhạc cụ cầm tay nhỏ được sử dụng trong âm nhạc Tây Ban Nha
I spread my arms;Tớ dang hai cánh tay
My next turn comes soon;Sắp đến lượt tớ rồi
I fold paper;Tớ gấp giấy
I do origami;Tớ gấp origami * Origami là nghệ thuật gấp giấy của Nhật Bản
I make a triangle first;Đầu tiên, tớ gấp hình tam giác
I make a paper crane;Tớ gấp một con hạc giấy
I made it very well;Tớ gấp rất đẹp
I have two more pieces of paper left;Tớ còn hai tờ giấy nữa
I fold paper in half;Tớ gập giấy làm đôi
It's a big piece;Đó là một mảnh giấy rất to
What shall I make next?;Tiếp theo tớ nên gập gì đây?
I decorate the room with paper cranes;Tớ trang trí phòng với những con hạc giấy
I hang it on the wall;Tớ treo nó lên tường
There is a picture on the wall too;Có một bức tranh cũng được treo ở trên tường
I get mad;Tớ nổi giận
I'm flushed with anger;Mặt tớ đỏ bừng vì cơn giận
I clench my fists;Tớ nắm chặt hai nắm đấm
I show a picture story;Tớ đưa ra một bức tranh trong một câu chuyện
I put the pictures on the desk;Tớ để bức tranh lên bàn
I read the story in a very amusing way;Tớ đọc truyện theo một cách rất vui vẻ
I take my shirt out of the basket;Tớ lấy áo ra khỏi giỏ
Which is my shirt?;Cái nào là áo của tớ?
I pick a blue shirt;Tớ nhặt chiếc áo màu xanh lên
I ask Mommy;Tớ hỏi mẹ
She is reading a magazine;Mẹ đang đọc báo
She knows a lot of things;Mẹ biết rất nhiều điều
I put on my make-up;Tớ trang điểm
I put some lipstick on my lips;Tớ tô son
I mess up the room with cosmetics;Tớ làm phòng bừa bộn với đồ mĩ phẩm của mình
I imitate the sumo wrestler;Tớ bắt chước theo võ si sumo
 He is fat;Chú ấy rất béo
He looks strong;Chú ấy trông rất khỏe
I pile up the blocks;Tớ xếp hình khối
I put the tringle block on top of it;Tớ đặt hình tam giác lên trên cùng
I pick the blocks from the box;Tớ nhặt các khối hình từ hộp ra
I make a story house;Tớ xếp thành một ngôi nhà
It's a big colorful house;Đó là một ngôi nhà rất nhiều sắc màu
I want to live in such a house;Tớ muốn sống trong một ngôi nhà như vậy
I reach for a block;Tớ với lấy khối hình
The block is rolling on;Khối hình đang lăn đi
I crawl to get it;Tớ bò theo để lấy nó
I put three marbles under the number 3;Tớ đặt ba viên bi dưới số 3
There are numbers 1 to 5 on the paper;Có các số đếm từ 1 đến 5 trên tờ giấy
I study Math;Tớ học Toán
I count the marbles;Tớ đếm những viên bi
There are ten marbles on the table;Có 10 viên bi trên bàn
I put five marbles in each line;Tớ xếp mỗi hàng 5 viên bi
I write on the board;Tớ viết lên bảng
I write with a piece of chalk;Tớ viết bằng một mẩu phấn
I write it large;Tớ viết thật to
I fall off the stool;Tớ ngã khỏi ghế
I lost my balance;Tớ bị mất thăng bằng
Help me!;Giúp tớ với!
I study about shapes;Tớ học về hình dạng
I'm gazing at the blue block;Tớ nhìn chằm chằm vào hình màu xanh
Where should I put it?;Tớ nên đặt nó vào đâu?
I match the shapes;Tớ ghép các hình khối cho khớp
I finished;Tớ đã hoàn thành
I'm sastisfied;Tớ rất hài lòng
I say the color of each card;Tớ đọc màu của mỗi tấm thẻ
I have 5 pieces of paper on the table;Tớ có 5 tấm thẻ trên bàn
They are red, purple, green, blue and yellow;Chúng là đỏ, tím, xanh lá cây, xanh dương, và vàng
I go get my lunch;Tớ đi lấy bữa trưa
I'm very hungry;Tớ đang rất đói
I hope it is a hot dog;Tớ hi vọng đó là món bánh mì kẹp xúc xích
I get older;Tớ lớn hơn rồi
I was cute when I was a baby;Khi còn nhỏ tớ rất đáng yêu
I remember things when I was in Mommy's tummy;Tớ nhớ cả những điều khi còn ở trong bụng mẹ
I go to school;Tớ đi học
I wear my yellow cap;Tớ đội chiếc mũ lưỡi trai màu vàng
I carry my schoolbag on my back;Tớ đeo cặp trên lưng
I eat salad;Tớ ăn rau trộn
I am about to eat a piece of tomato;Tớ sẽ ăn một miếng cà chua
Vegetables are good for my health;Rau củ rất tốt cho sức khỏe của tớ
I turn head over heels;Tớ lộn ngược
Everything looks upside down;Mọi thứ trông như bị đảo ngược
I am good at doing somersaults;Tớ rất giỏi lộn nhào
I get up my myself;Tớ tự đứng dậy
I dust off my bottom;Tớ phủi mông
Somersaults are a piece of cake;Lộn nhào thật dễ
I push up my friend's bottom;Tớ đẩy mông bạn tớ
I help him to do a somersault;Tớ giúp cậu ấy lộn nhào
He practices it many time;Cậu ấy luyện tập rất nhiều lần
I skip rope ten times without stopping;Tớ nhảy dây 10 lần liên tục mà không nghỉ
I won't stop until twenty;Tớ sẽ không dừng lại cho đến lần thứ 20
I'm out of breath;Tớ sắp hết hơi rồi
I stand in line;Tớ đứng trong hàng
I wait for my turn;Tớ đợi đến lượt mình
Whose turn is it?;Đến lượt ai rồi nhỉ?
I run and jump;Tớ chạy và nhảy
I jump as far as I can;Tớ nhảy xa nhất có thể
My classmate runs after me;Bạn cùng lớp của tớ đang chạy sau tớ
I wash my hands;Tớ rửa tay
I put the soap on my hand;Tớ cho xà phòng vào tay
The water is running down;Nước đang chảy xuống
I dry my hands with a towel;Tớ lau tay khô bằng một chiếc khăn
I hang the towel;Tớ phơi khăn lên
Now my hands are clean;Giờ thì tay tớ đã sạch rồi
I dig a tunnel through the watermelon;Tớ khoét một cái lỗ trong quả dưa hấu
I dig it with a fork;Tớ khoét bằng một cái dĩa
I take the seeds off too;Tớ gẩy hết hạt dưa đi
I look through the hole;Tớ nhìn qua cái lỗ
I'll eat all of it by myself;Tớ sẽ ăn hết chỗ này
I make a big hole;Tớ khoét một cái lỗ rất to
I wear glasses;Tớ đeo kính
They're too big for me;Nó quá to so với tớ
I have good eyesight;Tớ có thị lực rất tốt
I go to the zoo;Tớ đi đến sở thú
I go through the gate;Tớ đi xuyên qua cổng
I can see various animals at the zoo;Tớ có thể nhìn thấy rất nhiều loại động vật khác nhau trong sở thú
I take chocolate and cookies with me;Tớ mang theo sô- cô-la và bánh quy
I love sweets;Tớ thích kẹo
I take the sweets out of my bag;Tớ lấy kẹo ra khỏi túi
I dance;Tớ nhảy
It's exciting;Nó rất thú vị
My hair is swinging;Tóc tớ đang đung đưa
I put the books in my bag;Tớ cho sách vào trong túi
I wear my school uniform;Tớ mặc đồng phục của trường
I chek my bag every morning;Tớ kiểm tra cặp sách mỗi buổi sáng
I wake up at seven;Tôi dậy vào lúc 7 giờ
The alarm clock goes off;Đồng hồ báo thức đã tắt
Is it already time to get up?;Đã đến lúc phải dậy chưa?
I get out of bed;Tôi ra khỏi giường
I want to sleep longer;Tôi muốn ngủ lâu hơn nữa
My hair is messy;Tóc tôi đang rối tung
I open the curtains;Tôi mở rèm
It's fine today;Hôm nay trời rất đẹp
I hear birds singing;Tôi nghe thấy những con chim đang hót líu lo
I look at myself in the mirror;Tôi soi mình trong gương
I brush my hair;Tôi chải tóc
I look well;Trông tôi đẹp rồi
I sit at the table;Tôi ngồi cạnh bàn
I eat some bread and coffee for breakfast;Tôi ăn một chút bánh mì và cà phê cho bữa sáng
I never skip breakfast;Tôi không bao giờ bỏ bữa sáng
I put some butter on my toast;Tôi cho một ít bơ lên bánh mì nướng
The butter melts on the toast;Bơ tan ra trên bánh mì
I spread it with a butter knife;Tôi phết bơ bằng một con dao cắt bơ
I pour cream in my coffee;Tôi tưới kem lên cà phê
I add some sugar too;Tôi cũng cho thêm một ít đường
The coffee smells good;Cà phê rất thơm
 I pick up a spoon;Tôi lấy một cái thìa
The coffee is hot;Cà phê rất nóng
I finish eating my toast;Tôi đã ăn xong bánh mì nướng rồi
I stir my coffee;Tôi khuấy cà phê
Coffee wakes me up;Cà phê làm tôi tỉnh táo
I clear the table after the breakfast;Tôi dọn sạch bàn sau bữa sáng
I gather my papers;Tôi thu lượm tất cả giấy tờ
I glance at them;Tôi nhìn qua chúng
I put them in my paper bag;Tôi bỏ chúng vào túi của mình
I walk down the street;Tôi đi bộ xuống đường
I leave for work;Tôi tan ca làm
I walk faster to catch the train;Tôi đi nhanh để bắt kịp chuyến tàu
I go through the ticket gate;Tôi đi qua cổng soát vé
The station employee greets me;Nhân viên nhà ga chào hỏi tôi
I show him my train pass;Tôi đưa vé cho anh ấy xem
I run up the stairs;Tôi chạy lên cầu thang
I'm in a hurry;Tôi đang rất vội
I don't want to miss the train;Tôi không muốn bị nhỡ tàu
I get on the train;Tôi lên tàu
I'm relieved;Tôi nhẹ nhõm cả người
I look for a seat;Tôi tìm một chỗ ngồi
I find an empty seat;Tôi tìm thấy một chỗ ngồi còn trống
I'm lucky;Tôi thật may mắn
I sit next to a man;Tôi ngồi cạnh một người đàn ông
I show my train pass to the conductor;Tôi đưa vé cho người thu tiền vé xe (phụ xe)
He checks it;Anh ấy kiểm tra vé
I put my bag on my knee;Tôi để túi trên đầu gối của mình
I head toward the exit;Tôi đi thẳng tới lối ra
I have to go up the stairs;Tôi phải leo lên bậc thang
There is the exit sign on the wall;Có biển chỉ dẫn lối ra ở trên tường
 I cross at the crosswalk;Tôi băng qua lối qua đường
The signal is green;Đèn báo hiệu màu xanh
It's dangerous to cross against the red light;Sẽ rất nguy hiểm khi đi qua đường lúc đèn đỏ
I get on the elevator;Tôi vào thang máy
I arrive at the office;Tôi đi đến văn phòng
The door is closing;Cánh cửa đang đóng lại
I enter the office;Tôi bước vào văn phòng
I turn the door knob;Tôi vặn khóa cửa
I greet my co- workers;Tôi chào hỏi đồng nghiệp
I open my desk drawer;Tôi mở ngăn khéo bàn
I look for my pen;Tôi tìm chiếc bút
I put my stationery in order;Tôi để đồ dùng văn phòng theo thứ tự
I type a letter;Tôi soạn một lá thư
I can type fast;Tôi có thể đánh máy rất nhanh
I'm a good secretary;Tôi là một thư kí giỏi
I hail a taxi;Tôi gọi một chiếc taxi
I finish my work;Tôi đã làm xong việc
I leave the office;Tôi rời văn phòng
I give the taxi driver directions to the restaurant;Tôi chỉ cho tài xế taxi đường đến nhà hàng
I get on taxi;Tôi lên taxi
The taxi driver is nice;Tài xế taxi rất tốt bụng
I walk into the restaurant;Tôi bước vào nhà hàng
The waitress guides me to the seat;Người bồi bàn chỉ tôi chỗ ngồi
She holds a menu;Cô ấy đang cầm một bảng thực đơn
 I sit down and look at the menu;Tôi ngồi xuống và nhìn vào thực đơn
The waitress served a glass of water and a towel first;Người bồi bàn phục vụ tôi một cốc nước và một chiếc khăn
What shall I have?;Tôi nên ăn gì đây?
I order a drink;Tôi gọi đồ uống
I give my order to the waitress;Tôi bảo cho người bồi bàn đồ uống tôi muốn dùng
I'll give a soda;Tôi sẽ uống soda
I order my dinner;Tôi gọi đồ ăn cho bữa tối
I'd like spaghetti and a salad, please;Tôi muốn ăn spaghetti và rau trộn
The waitress takes my order;Người bồi bàn nhận thực đơn gọi món của tôi
I make a toast with my friend;Tôi cụng ly với bạn của mình
She wears a nice green suit;Cô ấy mặc 1 bộ quần áo màu xanh
We say “cheers”;Chúng Tôi nói “Vui vẻ!”
I pay the bill;Tôi thanh toán hóa đơn
I take a ten thousand yen bill out of my wallet;Tôi lấy 10 yên ra khỏi ví * Yên: đơn vị tiền tệ của Nhật Bản
I treat her;Tôi đãi cô ấy
I get my change;Tôi nhận lại tiền thừa
The waitress hands it to me;Người bồi bàn đưa tiền thừa cho tôi
I put the change in my wallet;Tôi cho tiền thừa vào ví
I relax in the chair;Tôi thư giãn trên ghế
I change into more comfortable clothes;Tôi đã thay một bộ quần áo thoải mái hơn
I drink a cup of coffee;Tôi uống 1 tách cà phê
I read a letter;Tôi đọc một lá thư
It's from my friend;Nó đến từ một người bạn của tôi
She's on  a trip to Hawaii;Cô ấy đang có một chuyến đi đến Hawaii
I turn on the television;Tôi mở ti-vi
I use the remote control to turn it on;Tôi dùng điều khiển để mở ti-vi
What's on tonight?;Tối nay có chương trình gì?
I change channels;Tôi chuyển kênh
I don't feel like watching comedy now;Tôi không cảm thấy thích xem hài kịch lúc này
I continue to change channels;Tôi tiếp tục chuyển kênh
I watch a movie;Tôi xem một bộ phim
I like movies;Tôi thích phim
It's just started;Nó vừa mới bắt đầu thôi
I look at the clock;Tôi nhìn đồng hồ
It's already 9 o'clock;Đã 9 giờ rồi
Time goes by quickly;Thời gian trôi thật nhanh
I take a shower;Tôi đi tắm
The hot water comes out from the shower;Nước nóng xả ra từ vòi hoa sen
I feel good;Tôi cảm thấy rất thư giãn
I put on my pajamas;Tôi mặc đồ ngủ
I button up my pajamas;Tôi cài khuy áo bộ đồ ngủ
I put a curler on my bangs;Tôi cuộn lô lên tóc mái
I keep myself warm;Tôi giữ cho mình thật ấm
I put my short robe on;Tôi mặc chiếc áo choàng ngắn lên người
I tie the strings in front;Tôi thắt dây phía trước
I set the alarm clock for seven;Tôi đặt đồng hồ báo thức 7 giờ
I don't want to oversleep tomorrow;Tôi không muốn sáng mai ngủ quên
This alarm is noisy;Chuông báo này rất ồn
I turn off the light;Tôi tắt điện
I put the alarm clock on the side table;Tôi đặt chiếc đồng hộ báo thức ở bên cạnh bàn
I go to sleep at ten;Tôi đi ngủ lúc 10 giờ
I find a telephone boot;Tôi tìm một cái bốt đi ện thoại
It's empty now;Bốt đi ện thoại đang trống
I have to call the office;Tôi gọi phải gọi đến văn phòng
I step outside;Tôi bước tới phía ngoài
I pull the door closed;Tôi kéo cửa đóng vào
I make a telephone call;Tôi gọ   i đi ện thoại
I reach into my pocket;Tôi đưa tay vào túi áo
I feel in my pocket for a coin;Tôi tìm đồng xu trong túi
I pick up the receiver;Tôi nhấc ống nghe lên
I take a ten yen coun out of my pocket;Tôi lấy 10 yên ra khỏi túi
I think ten yen is enough;Tôi nghĩ 10 yên là đủ
I make a local call;Tôi gọi một cuộc gọi nội mạng
I put the coin in the telephone;Tôi bỏ đồng xu vào máy
I put another coin in just in case;Tôi bỏ thêm một đồng xu nữa để dự phòng
If ten yen isn't enough, the telephone goes dead suddenly;Nếu 10 yên không đủ, thì điện thoại sẽ ngắt đột ngột
I dial the number;Tôi ấn số
Who will answer the phone?;Ai sẽ trả lời điện thoại của Tôi nhỉ?
I hope the line isn't busy;Tôi hi vọng đường dây không bận
I talk on the telephone;Tôi nói chuyện qua điện thoại
I report on my sales to my boss;Tôi báo cáo tình hình bán hàng tới ông chủ
I hang up;Tôi kết thúc cuộc gọi
I walk down the stairs;Tôi đi bộ xuống cầu thang
I watch for the steps;Tôi chú ý bước đi cẩn thận
I'm on the way to meet a new customer;Tôi đang trên đường đến gặp một khách hàng mới
I look at the map;Tôi nhìn vào bản đồ
I check the place;Tôi kiểm tra điểm đến
I'm not sure where the firm is;Tôi không biết chắc công ty đó ở đâu
I ask for directions;Tôi hỏi đường đi
She tells me the way politely;Cô ấy chỉ đường cho tôi một cách rất lịch sự
She points at the direction;Cô ấy chỉ hướng đi
I head for the beach;Tôi đi thẳng đến biển
I wear sun-glasses -I'm humming;Tôi đeo kính râm
I play Frisbee;Tôi ngâm nga
I throw a Frisbee;Tôi chơi ném đĩa
I enjoy playing Frisbee;Tôi ném một chiếc đĩa
I sunbathe;Tôi phơi nắng
I lie on a towel;Tôi nằm trên một cái khăn tắm
I get a tan;Tôi rám nắng
I walk into the supermarket;Tôi đi vào trong siêu thị
The door opens automatically;Cánh cửa tự động mở
I see some fruit near the entrance;Tôi nhìn thấy hoa quả ngay cạnh lối vào
I get a shopping cart;Tôi lấy một cái giỏ hàng
It's convenient for carrrying lots of food;Nó rất tiện lợi để chở nhiều đồ
I push the cart with one hand;Tôi dùng một tay đẩy giỏ hàng
I check the shopping list;Tôi kiểm tra danh sách mua đồ
I have a lot of things to buy;Có rất nhiều thứ phải mua
I put my bag on the bottom of the shopping cart;Tôi bỏ túi xách của mình xuống dưới đáy giỏ hàng
I walk down the ailse;Tôi đi xuống phía lối đi
I see many goods displayed on the shelf;Tôi nhìn thấy nhiều đồ được trưng bày trên giá
I look for the goods I want;Tôi tìm mua đồ mà Tôi muốn
I stop at the meat section;Tôi dừng lại ở quầy thịt
I should buy meat;Tôi nên mua thịt
I look at a steak;Tôi nhìn vào miếng thịt
They are wrapped one by one;Chúng được gói từng miếng một
I choose the best one;Tôi chọn miếng ngon nhất
I look at the price;Tôi nhìn vào giá
Whoo, it's too expensive;Ôi, nó đắt quá!
I can't buy it;Tôi không thể mua được
I put it back;Tôi bỏ nó lại
I give up buying the steak;Tôi không mua miếng thịt đó nữa
I'll have a steak after I get my pay;Tôi sẽ mua thịt sau khi nhận lương
I pick up a package of ground beef;Tôi chọn một gói thịt bò xay
The price is reasonable;Giá của nó rất hợp lí
I can make hamburgers with it;Tôi có thể làm bánh hamburgers với túi thịt bò này
I put the package into the cart;Tôi bỏ gói thịt bò xay vào giỏ hàng
I have an apple and some bananas in my cart;Trong giỏ hàng của tôi có 1 quả táo và vài quả chuối
 I go through the fish section;Tôi đi qua quầy cá
I glance at the packages;Tôi liếc nhìn những gói cá
I don't need fish today;Hôm nay tôi không cần ăn cá
I take a six-pack of juice;Tôi lấy 6 hộp nước ép hoa quả
They are selling it at a special price today;Họ đang bán nó với một mức giá đặc biệt trong ngày hôm nay
I go to the cashier;Tôi đi đến chỗ thu ngân
I look at the receipt;Tôi nhìn vào hóa đơn
I check what I bought;Tôi kiểm tra những gì mình đã mua
I spent a lot of money;Tôi đã chi rất nhiều tiền
I go out of the store with the groceries;Tôi đi ra khỏi quầy hàng với rất nhiều hàng hóa
They are little heavy;Chúng hơi nặng một chút
I go home;Tôi đi về nhà
I open the cupboard;Tôi mở cửa tủ chạn
I take the dishes out of the cupboard;Tôi lấy đĩa ra khỏi tủ
I'm preparing for our lunch;Tôi chuẩn bị bữa trưa
I put the groceries on the table;Tôi để đồ  lên trên bàn
I roll up my sleeves;Tôi xắn tay áo
I prepare all the ingredients;Tôi chuẩn bị mọi nguyên liệu
I tap an egg on the table;Tôi đập một quả trứng lên bàn
The egg has a crack in the shell;Quả trứng có một vết nứt trên vỏ
Eggs break easily;Trứng rất dễ vỡ
I break an egg into a bowl;Tôi đập trứng vào bát
I hold the shells in my hands;Tôi giữ vỏ trứng ở trong tay mình
I break it very well;Tôi đập trứng rất giỏi
I throw away the shells;Tôi vứt vỏ trứng đi
I put them in a garbage box;Tôi bỏ chúng vào thùng rác
The sink is still clean;Bồn rửa vẫn rất sạch sẽ
I beat the egg;Tôi đánh trứng
Egg yolk and egg white is mixed;Lòng đỏ và lòng trắng được trộn vào nhau
It becomes yellow;Nó trở thành màu vàng
I pick up the onion;Tôi lấy 1 củ hành
I'll mix the onions with the egg;Tôi sẽ trộn hành với trứng
Onions have peels;Hành có vỏ
I peel the onion;Tôi gọt vỏ hành
I throw the peels away;Tôi vứt vỏ đi
I cut it into small pieces;Tôi thái hành thành những miếng nhỏ
I remove the seeds from the green pepper;Tôi tách hạt ra khỏi trái ớt xanh
There are many small seeds inside of the pepper;Có rất nhiều hạt trong quả ớt
I take out all of them;Tôi lấy hết hạt ra khỏi quả ớt
I mix the green pepper and the egg;Tôi trộn ớt xanh và trứng
I continue mixing;Tôi tiếp tục trộn
 What shall I put in next?;Tôi nên cho gì vào tiếp đây?
I take the ham out of the pack;Tôi lấy thịt hun khói ra khỏi túi
It's already sliced;Nó đã được thái sẵn rồi
I use a slice of ham;Tôi dùng một miếng thịt hun khói
I put the ham in the bowl;Tôi bỏ thịt hun khói vào bát
I mix in all the ingredients;Tôi trộn tất cả các nguyên liệu với nhau
I add salt and pepper last;Cuối cùng tôi cho thêm muối và tiêu vào
I stir the egg;Tôi khuấy đều trứng lên
I only have to fry it;Tôi chỉ việc rán nó nữa thôi
I make an omelet;Tôi làm món trứng tráng
I turn on the gas;Tôi bật bếp gas
I turn up the flame;Tôi bật lửa lên
It's hot around the stove;Quanh bếp rất nóng
I turn down the flame;Tôi hạ lửa
I put the pan on the stove;Tôi cho chảo lên bếp
Then I heat the pan;Tôi làm nóng chảo
I put some butter in a pan;Tôi cho 1 chút bơ vào chảo
It melts fast;Nó tan ra rất nhanh
I spread it in the pan;Tôi tản đều quanh chảo
I pour the egg into the pan;Tôi đỏ trứng vào chảo
I fry one side of the egg;Tôi rán một mặt trứng
I should be careful not to burn it;Tôi phải cẩn thận không để trứng bị cháy
I turn the egg over;Tôi lật trứng
I fry the other side;Tôi rán mặt còn lại
Now it's almost done;Sắp xong rồi
I put on an apron;Tôi đeo tạp dề
It has a big rocket shape;Nó có hình giống như tên lửa
I hold the apron strings;Tôi giữ dây của tạp dề
I tie the apron;Tôi buộc tạp dề
I tie the strings in a bow;Tôi thắt dây thành một cái nơ
I do it behind my back;Tôi thắt dây sau lưng
I wipe the window;Tôi lau cửa sổ
I blow on the window;Tôi hà hơi lên cửa sổ
I polish it;Tôi lau cho sạch bóng
I plug in the vacuum cleaner;Tôi cắm phích máy hút bụi
I vacuum the floor;Tôi hút bụi sàn nhà
The vacuum cleaner sucks up the dirt;Máy hút bụi sẽ hút hết mọi bụi bẩn
I put away the dirty dishes;Tôi mang những chiếc đĩa bẩn đi
I pile up one dish on top of another;Tôi xếp 1 cái đĩa lên trên cùng
We eat our lunch up;Chúng tôi đã ăn hết bữa trưa
I wipe the table;Tôi lau bàn
I clean it up;Tôi lau sạch bàn
I leave the soy sauce and the salt on the table;Tôi bỏ lại nước tương và muối trên bàn
I carry the dirty dishes to the sink;Tôi mang những cái đĩa bẩn tới bồn rửa
I carry them carefully;Tôi bê rất cẩn thận
I don't want to break them;Tôi không muốn làm vỡ chúng
I soak the dishes;Tôi nhúng những chiếc đĩa xuống nước
I fill the sink with water;Tôi xả đầy nước vào bồn
I wish I had a dishwasher;Tôi ước Tôi có một cái máy rửa chén bát
 I wash the dishes;Tôi rửa đĩa
I wash them with detergent;Tôi dùng dầu rửa để rửa
A cup is floating in the sink;Một cái cốc đang nổi bồng bềnh trong bồn sửa
I dry the dishes;Tôi lau khô đĩa
I wipe them with a dish towel;Tôi lau đĩa bằng một cái khăn
I put the dishes on the draining board;Tôi bỏ đĩa lên giá *draining board = drainboard: mặt nghiêng trên chạn đựng bát đựa (để ráo nước)
I put away the dishes in the cupboard;Tôi cho đĩa vào trong tủ chạn
I display the neatly;Tôi sắp xếp một cách gọn gàng
On, no. The inside of cupboard is dusty;Ôi không, bên trong tủ chạn bụi quá
I dry the clothes in the dryer;Tôi lau khô quần áo bằng máy sấy khô
The clothes go round in it;Quần áo quay tròn trong cái máy
The dryer is set above the washing machine;Máy sấy được thiết kế ngay trên máy giặt
I put the clothes in the basket;Tôi bỏ quần áo vào giỏ
I take them out of the dryer;Tôi lấy quần áo ra khỏi máy
The clothes are warm;Quần áo đã được sấy nóng
I take the sheet off the bed;Tôi lấy ga ra khỏi giường
I wash the sheet;Tôi giặt ga giường
I change the sheets;Tôi thay ga khác vào
I spread the clean sheet over the bed;Tôi trải tấm ga sạch lên giường
The clean sheet makes me feel fresh;Tấm ga sạch làm tôi cảm thấy rất mát mẻ
I make the bed;Tôi dọn giường
I take out the garbage;Tôi đi vứt rác
The garbage is in a black plastic bag;Rác được đựng trong túi bóng đen
I hold the garbage can in my arm;Tôi giữ thùng rác trên tay
I empty the garbage can;Tôi đổ hết rác
I turn the can upside down The trash comes out;Tôi dốc ngược thùng rác
I untie the apron strings;Tôi tháo tạp dề
I finish cleaning;Tôi đã dọn dẹp xong
I'm tired;Tôi rất mệt
I take off the apron;Tôi bỏ tạp dề ra
I fold it;Tôi gập nó
What shall I do next?;Tôi nên làm gì tiếp theo đây?
I lie down on the sofa;Tôi nằm lên ghế sofa
I take a rest;Tôi nghỉ ngơi
I close my eyes;Tôi nhắm mắt lại
I take off the tub covers;Tôi mở bồn tắm ra
The steam goes up;Hơi nước bốc lên
I put the covers aside;Tôi đề nắp bồn sang bên cạnh
I scoop up the hot water with the washbowl;Tôi múc nước nóng bằng một cái gáo
I stir the hot water;Tôi khuấy nước nóng
I pour the water on the body;Tôi dội nước lên người
I put soap on a washcloth;Tôi cho xà bông vào khăn tắm
It lathers very well;Nó có rất nhiều bọt
I wash my body;Tôi tắm
I scrub my legs;Tôi kì chân
I'm washing my right knee;Tôi rửa chân phải
I rinse out my body;Tôi tắm rửa thật sạch
I soak in the bathtub;Tôi ngâm mình vào bồn tắm
I'm dozing off in the bathtub;Tôi ngủ gật trong bồn tắm
The hot water feels good;Nước nóng thật dễ chịu
I put back the tub covers;Tôi đậy nắp bồn tắm lại
I wrap a bath towel around my body;Tôi quấn khăn quanh người
I get out of the bathroom;Tôi đi ra khỏi phòng tắm
I turn on the lights;Tôi bật điện
I push the switch;Tôi ấn công tắc
I stand in front of the washstand;Tôi đứng trước bồn rửa mặt
I reach for my toothbrush;Tôi lấy bàn chải đánh răng
Two bottles of lotion are on the shelf;Hai lọ sữa rửa mặt và gội đầu đang ở trên giá
I always put my toothbrush in my cup;Tôi luôn để bàn chải đánh răng vào cốc của mình
I put water in the cup;Tôi cho nước vào cốc
I turn on the faucet;Tôi mở vòi nước
I fill the cup with water;Tôi đổ đầy nước vào cốc
I squeeze out the toothpaste on my toothbrush;Tôi bóp kem đánh răng lên bàn chải
The paste comes out from the tube;Kem đánh răng đi ra từ tuýp kem
I brush my teeth;Tôi đánh răng
I brush my teeth after meals;Tôi đánh răng sau mỗi bữa ăn
I have no cavities;Tôi không có lỗ răng sâu nào cả