abrasive;adj. thô lỗ, cay nghiệt
absolute;adj. hoàn toàn, tuyệt đối
abstract;n. bài tóm lược (cuốn sách, luận án, bài diễn văn...)
acclaim;v. ca ngợi, tán dương
acute;adj. nghiêm trọng, nhức nhối (cơn đau)
adamant;adj. cứng rắn, cương quyết
address;v. nhằm vào, trình bày
adept;adj. tinh thông, giỏi làm điều gì khó
adherent;n. đảng viên, người ủng hộ, đi theo một đảng chính trị hay hệ tư tưởng
adversely;adv. xấu, tiêu cực
advocate;v. chủ trương, tán thành
aesthetic;adj. (thuộc) mỹ học, thẩm mỹ
affinity;n. sự đồng cảm, sự thu hút, sự ham thích
alleviate;v. giảm bớt, xoa dịu
allusion;n. sự ám chỉ
aloof;adj. không thân thiện, lạnh nhạt, xa lánh
ambiguous;adj. đa nghĩa, mơ hồ
ambivalent;adj. vừa yêu, vừa ghét (cái gì), (cảm xúc) lẫn lộn
amiable;adj. dễ thương, thân thiện
analogous;adj. tương tự, giống nhau
analogy;n. sự so sánh những đặc điểm tương tự, sự tương tự, sự giống nhau
anarchy;n. sự hỗn loạn, tình trạng vô chính phủ, vô tổ chức
anecdote;n. giai thoại (về người thực, sự kiện)
anguish;n. sự đau đớn, sự đau khổ
animosity;n. sự thù oán, hận thù
anomaly;n. sự không bình thường, dị thường
antecedent;n. tiền đề
apathy;n. sự lãnh đạm, thờ ơ
appreciate;v. đánh giá cao, cảm kích
apprehension;n. sự e sợ (điều không hay có thể xảy ra)
apprehensive;adj. sợ hãi, e sợ, hiểu rõ, cảm thấy rõ, tiếp thu nhanh
arable;adj. liên quan đến trồng trọt
arbitrary;adj. chuyên quyền, độc đoán
archaic;adj. cổ xưa và không còn sử dụng nữa
arduous;adj. khó khăn, gian khổ
articulate;v. diễn đạt suy nghĩ, cảm xúc một cách rõ ràng bằng lời
artisan;n. thợ thủ công
astute;adj. sắc sảo, nhạy bén
austere;adj. khắt khe, nghiêm khắc (về bề ngoài và hành vi)
austerity;n. sự thắt lưng buộc bụng (nghĩa bóng
autonomous;adj. tự trị
autonomy;n. sự, quyền tự trị
beleaguered;adj. bị bao vây bởi kẻ thù
benefactor;n. nhà hảo tâm, người làm việc thiện
benevolent;adj. nhân từ, tốt bụng, rộng lượng
benign;adj. tốt, nhân từ
blatant;adj. trắng trợn (hint :b...)
bolster;v. cải thiện, đẩy mạnh
bourgeois;adj. thuộc tầng lớp trung lưu
bureaucracy;n. sự quan liêu, thói quan liêu
buttress;v. ủng hộ, làm vững chắc thêm điều gì
caricature;n. tranh biếm hoạ
cerebral;adj. liên quan đến lí trí (hơn là cảm xúc)
chronicle;n. sử biên niên, ký sự niên đại
circumscribe;v. giới hạn, hạn chế (sự tự do, quyền,...)
civil;adj. (thuộc) công dân
coercion;n. sự ép buộc, sự áp bức
coherent;adj. mạch lạc, chặt chẽ
collusion;n. sự câu kết, sự thông đồng
compelling;adj. thôi thúc, rất mạnh mẽ (khiến bạn phải làm điều gì đó)
complacent;adj. tự mãn
comprehensive;adj. bao hàm, toàn diện
concede;v. thừa nhận (điều gì là đúng, hợp lí...)
concise;adj. ngắn gọn, súc tích
congenital;adj. bẩm sinh (hint :c...)
conjecture;n. sự phỏng đoán, sự ước đoán
consensus;n. sự đồng thuận, nhất trí
conspicuous;adj. dễ thấy hoặc chú ý, nổi bật
contemporary;adj. cùng thời, đương thời
contentious;adj. có thể gây ra bất đồng
conventional;adj. thông thường, bình thường
corollary;n. hệ quả tất yếu
cosmopolitan;adj. (mang tính) quốc tế
covert;adj. bí mật, được che đậy, giấu giếm
credible;adj. có thể tin được
criterion;n. tiêu chuẩn
degenerate;v. trở nên tệ hơn (giảm về chất lượng, yếu đi...)
deliberate;adj. thong thả, cố ý, chủ tâm
deliberation;n. sự cân nhắc kĩ
demise;n. sự chấm dứt, thất bại (của một học viện, ý tưởng, công ty...)
derivative;adj. sao chép của ai, không có ý tưởng mới hay đặc sắc
deterrent;n. cách ngăn cản, ngăn chặn
detrimental;adj. có hại
devious;adj. không thành thật, thủ đoạn
dichotomy;n. sự chia rẽ giữa 2 nhóm khác biệt
dictum;n. câu châm ngôn
discern;v. nhận ra, hiểu điều gì (nhất là điều gì đó không rõ ràng)
discrepancy;n. ‹sự› khác nhau, trái ngược nhau
discriminate;v. phân biệt
disdain;n. sự khinh miệt, khinh người
disparity;n. sự cách biệt, sự chênh lệch
dissent;n. sự bất đồng quan điểm, sự chống đối
dormant;adj. không hoạt động nhưng tiềm tàng, âm ỉ (khả năng)
dubious;adj. không chắc chắn, nghi ngờ
eccentric;adj. kì dị, lập dị
egalitarian;adj. dựa trên, giữ quan điểm rằng mọi người đều bình đẳng và nên có quyền và cơ hội ngang nhau
elicit;v. khơi gợi, lấy được (thông tin hay phản ứng của ai)
elusive;adj. khó tìm thấy, định nghĩa, đạt được
empirical;adj. theo kinh nghiệm, thực tiễn
emulate;v. noi gương
endemic;adj. đặc thù, cố hữu
endorse;v. xác nhận, chứng thực chất lượng được quảng cáo (của món hàng...)
enduring;adj. lâu dài, bền vững
enhance;v. nâng cao, tăng cường
enigma;n. điều bí ẩn
equitable;adj. công bằng, hợp lí
eradicate;v. tiêu hủy
erratic;adj. thất thường, không đều, không thể tin cậy
erroneous;adj. không đúng, dựa trên thông tin sai
exemplary;adj. gương mẫu, mẫu mực
exhaustive;adj. bao gồm mọi thứ có thể, thấu đáo, toàn diện
exhilarating;adj. rất vui, phấn khởi
expatriate;adj. người sinh sống ở một nước không phải là nơi mình sinh ra
expedient;n. cách, kế (thường không đúng đắn)
explicit;adj. rõ ràng, dễ hiểu (hint :e...)
extant;adj. vẫn còn tồn tại, hiện còn
faction;n. bè phái, bè cánh
feasible;adj. khả thi
fervour;n. cảm xúc mãnh liệt
fidelity;n. lòng trung thành
flamboyant;adj. sặc sỡ, rực rỡ, khoa trương
foster;v. ấp ủ, nuôi dưỡng, thúc đẩy
founder;n. nhà sáng lập
fraudulent;adj. gian lận, lừa lọc
fundamental;adj. cơ bản, chủ yếu
futile;adj. vô ích, không hiệu quả
genre;n. loại, thể loại (văn học, nghệ thuật, phim ảnh, âm nhạc)
glacial;adj. rất lạnh, như băng đá
grandiose;adj. có quy mô lớn, phô trương
gravity;n. tính nghiêm trọng
hamper;v. cản trở, gây trở ngại
heed;v. chú ý, lưu ý
heresy;n. niềm tin, quan điểm dị giáo (đi ngược lại nguyên tắc của một tôn giáo nào đó)
heyday;n. thời cực thịnh, thời hoàng kim
hierarchy;n. hệ thống cấp bậc
hinder;v. cản trở (hint :h...)
homogeneous;adj. đồng nhất, thuần nhất
hypothetical;adj. (có tính) giả thuyết, chưa được chứng minh
illicit;adj. không hợp pháp
illuminate;v. chiếu sáng, làm sáng tỏ
impartial;adj. công bằng, không thiên vị
impeccable;adj. hoàn hảo, không chê vào đâu được, không tỳ vết (đồ vật...)
impetus;n. (nghĩa bóng) sự thúc đẩy, động lực
implement;v. thi hành, thực hiện
impoverished;adj. rất nghèo (hint :i...)
indifferent;adj. hờ hững, dửng dưng
indigenous;adj. bản địa, vốn thuộc về một nơi nào đó
indignant;adj. căm phẫn, phẫn nộ
inert;adj. trơ
infamous;adj. khét tiếng
infer;v. suy ra, kết luận
ingenious;adj. khéo léo, tài tình, mưu trí
inherent;adj. vốn có, cố hữu
innate;adj. bẩm sinh (hint :i...)
insinuate;v. nói bóng gió, ám chỉ
integral;adj. cần thiết, không thể thiếu
integrity;n. tính toàn bộ, tính toàn vẹn
intermittent;adj. lúc có lúc không, không liên tục
intricate;adj. phức tạp
intrinsic;adj. nội tại, thực chất bên trong
intuition;n. trực giác
ironic;adj. mỉa mai, châm biếm
irony;n. sự châm biếm, mỉa mai, sự trớ trêu
irrational;adj. phi lý
jargon;n. biệt ngữ, thuật ngữ (dùng bởi một nhóm người hay trong một nghề nghiệp chuyên môn)
labyrinth;n. mê cung
lament;v. thương xót, than van, rên rỉ
lavish;adj. lớn, hoang phí
legacy;n. tài sản kế thừa, gia tài
lofty;adj. kiêu căng, kiêu ngạo
magnate;n. trùm (tư bản), người giàu có, quyền lực và rất thành công (đặc biệt là trong kinh doanh)
mandate;n. tờ uỷ nhiệm
manifesto;n. bản tuyên ngôn
mar;v. làm hư, làm hỏng
marshal;v. tập hợp và sắp xếp lại
meagre;adj. sơ sài, đạm bạc, ít ỏi
mentor;n. thầy hướng dẫn
mercenary;n. lính đánh thuê, tay sai
metaphor;n. phép ẩn dụ
meticulous;adj. tỉ mỉ, kỹ càng
momentous;adj. quan trọng, trọng đại
monotonous;adj. đều đều, đơn điệu, buồn tẻ
mundane;adj. không thú vị, không hấp dẫn, bình thường, nhàm chán
myriad;n. vô số, rất nhiều
naive;adj. thiếu kinh nghiệm, kiến thức, sự đánh giá trong cuộc sống, ngây thơ
nostalgic;adj. luyến tiếc quá khứ, hoài niệm
novel;n. truyện, tiểu thuyết
novice;n. người mới học, người chưa có kinh nghiệm
nuance;n. sắc thái
objective;n. mục tiêu, mục đích, khách quan
oblivion;n. sự lãng quên
oblivious;adj. không chú ý đến
obscure;adj. khó hiểu (hint :o...)
obsolete;adj. lỗi thời, lạc hậu
ominous;adj. báo điềm xấu, đáng ngại
onerous;adj. cần sự nỗ lực rất lớn, gây khó nhọc, nặng nề
opaque;adj. khó hiểu, không rõ ràng
ornate;adj. trang trí công phu, hoa mĩ (văn phong)
orthodox;adj. thông thường, đi theo những quan điểm thường được chấp nhận
paradigm;n. mẫu, mô hình
paradox;n. nghịch lí, mâu thuẫn
parochial;adj. thiển cận, có tính địa phương
parody;n. văn, thơ, hành động nhại lại ai, cái gì đó để giải trí hay gây cười
parry;v. lẩn tránh (trả lời điều gì đó)
partisan;adj. thiên vị, thiên lệch
pastoral;adj. (thuộc) mục đồng, người chăn thả súc vật
pedestrian;adj. chán ngắt
perceptive;adj. nhận thức được, cảm giác được, cảm thụ được
peripheral;adj. (thuộc) chu vi, ngoại biên
personification;n. là một ví dụ điển hình của
pertinent;adj. thích hợp, thích đáng, có liên quan
pervasive;adj. toả khắp, lan tràn khắp, phổ biến
pious;adj. ngoan đạo
plausible;adj. hợp lí, có vẻ đúng
poignant;adj. gây xúc động, chua xót, sâu sắc
postulate;v. coi như là đúng, mặc nhiên
potent;adj. có ảnh hưởng mạnh (đối với cơ thể hay trí tuệ)
pragmatic;adj. giải quyết vấn đề một cách thực tế
precarious;adj. bấp bênh, không ổn định, nguy hiểm
precedent;n. tiền lệ
preclude;v. ngăn ngừa, loại trừ
precursor;n. tiền thân của
predecessor;n. người đi trước, bậc tiền bối
prerogative;n. đặc quyền
prevalent;adj. phổ biến
profound;adj. rất lớn, sâu sắc
prolific;adj. tạo ra nhiều sản phẩm...
propensity;n. thiên hướng
proponent;n. người ủng hộ một ý tưởng hoặc đường lối hoạt động
protagonist;n. vai chính (trong một vở kịch, bộ phim, cuốn sách)
provincial;adj. cổ hủ, không chịu chấp nhận cái mới, khác biệt
provisional;adj. tạm thời, lâm thời
provocative;adj. chọc giận ai, khiêu khích
proximity;n. sắp xỉ, sự gần gũi
prudent;adj. khôn ngoan, thận trọng
qualify;v. đủ tư cách, khả năng, điều kiện
reconcile;v. chỉnh lý, làm cho phù hợp/nhất trí, hòa giải
remorse;n. sự ăn năn, hối hận
reprieve;v. (pháp lý) hoãn thi hành một bản án (tử hình)
reproach;v. đổ lỗi hoặc chỉ trích ai
resolution;n. độ phân giải
respite;n. thời gian nghỉ ngơi hoặc thoát khỏi điều gì khó khăn hoặc không dễ chịu
resurgence;n. sự hồi sinh, trỗi dậy (nghĩa bóng)
rhetoric;n. lời lẽ hùng hồn (nhưng không hoàn toàn trung thực, chân thành)
rigorous;adj. khắt khe, nghiêm ngặt
robust;adj. khoẻ mạnh
rudimentary;adj. sơ bộ, sơ đẳng
rustic;adj. dân dã, chất phác, mộc mạc
ruthless;adj. tàn ác, nhẫn tâm
sage;n. người rất khôn ngoan
sanction;v. phê chuẩn (hint :s...)
sarcasm;n. sự chế nhạo, lời châm biếm
sardonic;adj. nhạo báng, khinh miệt
singular;adj. rất tuyệt vời hoặc rõ ràng
sombre;adj. đau buồn
sparse;adj. thưa thớt, rải rác
sporadic;adj. không thường xuyên, không đều đặn, rải rác
spurious;adj. giả, giả mạo
stagnant;adj. trì trệ
static;adj. tĩnh, không thay đổi, phát triển
staunch;adj. trung thành
stringent;adj. nghiêm ngặt
subordinate;adj. có địa vị, cấp bậc thấp hơn
subtle;adj. khó thấy, không dễ phát hiện
subversive;adj. (cố gắng, có khả năng) lật đổ chính phủ hay hệ thống chính trị
superficial;adj. nông cạn, hời hợt
superfluous;adj. thừa thãi, không cần thiết
susceptible;adj. dễ bị (ảnh hưởng, tổn thương,...)
sustain;v. giữ vững được, duy trì
tacit;adj. ngầm, không nói ra
tangible;adj. hữu hình, rõ ràng
tedious;adj. chán ngắt, tẻ nhạt, nhạt nhẽo, buồn tẻ
temper;v. làm ôn hoà hoặc làm dịu đi tác động của cái gì
temperate;adj. có chừng mực, ôn hoà
tentative;adj. tạm thời
tenuous;adj. yếu ớt, không chắc chắn (hầu như không tồn tại)
transient;adj. ngắn ngủi, thoáng qua
trivial;adj. nhỏ nhặt, lặt vặt
ubiquitous;adj. có ở khắp nơi, rất phổ biến
undermine;v. làm yếu đi, giảm hiệu quả (nhất là sự tự tin, quyền lực)
unequivocal;adj. (thể hiện ý kiến, ý định) rõ ràng và chắc chắn
unorthodox;adj. không chính thống
unprecedented;adj. chưa từng có/xảy ra trước đây
utilitarian;adj. mang tính hữu dụng, thiết thực
viable;adj. có tính khả thi
volatile;adj. nhiều biến động, dễ trở nên xấu đi hay nguy hiểm hơn
vulnerable;adj. dễ bị tổn thương
wary;adj. thận trọng, cảnh giác đối với ai, điều gì
watershed;n. lưu vực sông, đầu nguồn
wry;adj. khôi hài, như trò hề (hint :w...)
zenith;n. cực điểm, tột đỉnh
aberration;n. sự khác thường, sự loạn trí
accolade;n. sự vinh danh, phần thưởng cho thành tựu mà mọi người ngưỡng mộ
acrid;adj. mùi chát
acrimonious;adj. chua cay, gay gắt
acumen;n. sự nhạy bén
adulation;n. sự ngưỡng mộ, tâng bốc
affable;adj. lịch sự, hoà nhã, niềm nở, ân cần
agnostic;n. người tin rằng không thể biết được rằng liệu Chúa có tồn tại hay không.
alacrity;n. sự sốt sắng
altruism;n. lòng vị tha, sự quên mình
amalgam;n. hỗn hợp, sự kết hợp của nhiều thứ
amorphous;adj. không có hình dạng, cấu trúc xác định
anachronism;n. người, phong tục, quan niệm lỗi thời
antagonistic;adj. trái ngược, đối lập, cảm thấy sự đối nghịch với ai hay điều gì
antipathy;n. ác cảm
antiquated;adj. không hợp thời, lạc hậu
antithesis;n. sự đối lập với
apathetic;adj. lãnh đạm, thờ ơ
apocryphal;adj. giả mạo, ngụy tạo
appease;v. làm dịu, xoa dịu
arcane;adj. bí ẩn, kì lạ, phức tạp
archetype;n. ví dụ điển hình
artifice;n. mưu mẹo, kỹ xảo
ascetic;adj. khổ hạnh
atheist;n. người theo thuyết vô thần
atrophy;n. sự teo (cơ)
audacious;adj. gan dạ, táo bạo
augment;v. làm tăng lên
auspicious;adj. có điềm tốt, điềm lành, thuận lợi
aversion;n. sự ác cảm, không thích
axiom;n. chân lý, định lí
banal;adj. thường, vô vị
bastion;n. pháo đài, thành trì (nghĩa bóng)
belligerent;adj. hay gây sự
blasphemy;n. sự báng bổ, hành vi, lời nói xúc phạm hoặc thiếu tôn kính đối với chúa hay tôn giáo nào
brevity;n. tính khúc chiết, sự vắn tắt, sự ngắn gọn
brusque;adj. lỗ mãng, cộc cằn
callous;adj. nhẫn tâm
candid;adj. ngay thẳng, bộc trực
candour;n. tính thật thà, ngay thẳng
capricious;adj. thất thường
caustic;adj. châm biếm, cay độc
censure;n. sự chỉ trích mạnh mẽ
chagrin;n. sự thất vọng hoặc bực mình
charlatan;n. kẻ bất tài mà hay loè bịp
churlish;adj. thô lỗ, nóng tính
circumspect;adj. thận trọng
circumvent;v. tìm cách tránh một khó khăn hoặc một quy định nào đó, lách (luật)
clamour;v. đòi một cách ầm ĩ, lớn tiếng
clandestine;adj. giấu giếm, bí mật
cogent;adj. vững chắc, có sức thuyết phục
colloquial;adj. dùng trong hội thoại chứ không phải trong ngữ cảnh trang trọng hay văn viết
conciliatory;adj. (mang tính) hoà giải
concord;n. sự hòa hợp, hòa thuận
concur;v. đồng ý
condone;v. tha thứ, bỏ qua
confound;v. khiến ai bối rối và ngạc nhiên
congenial;adj. hợp nhau, ăn ý nhau
connoisseur;n. chuyên gia (về làm đẹp, nghệ thuật, ẩm thực, âm nhạc)
consummate;adj. cực kì giỏi, hoàn hảo
conundrum;n. câu hỏi, vấn đề nan giải
convoluted;adj. cực kì phức tạp và khó theo dõi
copious;adj. nhiều, với số lượng lớn
cryptic;adj. ẩn ý hoặc không dễ hiểu
cursory;adj. qua loa, lướt qua
curtail;v. cắt bớt, rút ngắn
cynic;n. người tin rằng con người làm mọi điều chỉ để làm lợi cho bản thân, hơn là vì lí do tốt đẹp hay chân thành gì
dearth;n. sự thiếu, sự khan hiếm
debacle;n. sự sụp đổ, thất bại hoàn toàn
decorum;n. sự đứng đắn, lịch thiệp
deferential;n. cung kính, tôn kính
deft;adj. khéo léo
deleterious;adj. có hại, gây phá hoại
denounce;v. chỉ trích mạnh mẽ
deplore;v. kịch liệt phản đối
derogatory;adj. phê phán, chỉ trích
despondent;adj. chán nản, thất vọng
didactic;adj. để dạy ai điều gì, sư phạm
diffident;adj. thiếu tự tin, không muốn nói về bản thân
discriminating;adj. biết phân biệt, biết suy xét
disinterested;adj. không thiên vị, khách quan
dispassionate;adj. không thiên vị
dispel;v. xua đuổi đi, xua tan
disseminate;v. truyền bá, phổ biến, gieo rắc (khắp nơi)
dissipate;v. xua tan, (làm) tiêu tan
divisive;adj. gây chia rẽ
docile;adj. dễ bảo, ngoan ngoãn
dogmatic;adj. cho rằng hoặc gợi ý rằng cái gì đó là đúng mà chẳng đếm xỉa đến bằng chứng hoặc những ý kiến khác, giáo điều
duplicity;n. hành vi lừa dối (khiến ai tin vào điều gì không đúng)
ebullient;adj. sôi nổi, tràn đầy năng lượng
eclectic;adj. (triết học) chiết trung, không bị gò bó vào một nguồn tư tưởng... mà chọn lựa và sử dụng từ một phạm vi rộng
elitism;n. cách thức tổ chức hệ thống, xã hội mà chỉ có một số ít người ưu tú có quyền lực hay ảnh hưởng
elliptical;adj. có hình e-lip
elucidate;v. làm sáng tỏ, giải thích
engender;v. gây ra, đem lại
enmity;n. sự thù hằn, sự thù hận
ephemeral;adj. phù du, kéo dài trong thời gian ngắn
epitome;n. một ví dụ tiêu biểu của
equanimity;n. sự bình thản, điềm tĩnh
equivocal;adj. lập lờ, nước đôi, có thể hiểu theo nhiều cách
esoteric;adj. chỉ những người đặc biệt quan tâm, có kiến thức chuyên môn mới hiểu được
ethereal;adj. thanh tao, như thuộc về một thế giới khác
euphemism;n. sự nói giảm, nói tránh, uyển ngữ
exacerbate;v. làm tăng, làm trầm trọng thêm (bệnh, sự tức giận, sự đau đớn)
exacting;adj. đòi hỏi nhiều nỗ lực và sự tỉ mỉ
exemplify;v. là hình mẫu, là ví dụ cho
exorbitant;adj. quá cao, cắt cổ (giá...)
extraneous;adj. không trực tiếp liên quan đến (vấn đề đang giải quyết...)
extricate;v. giải thoát (khỏi một tình huống khó khăn)
facile;adj. dễ dãi, hời hợt
fanaticism;n. sự cuồng tín
fastidious;adj. tỉ mỉ, kĩ lưỡng
fickle;adj. hay thay đổi, không kiên định
figurative;adj. với nghĩa bóng
finesse;n. sự khéo léo (trong giao tiếp)
flagrant;adj. trắng trợn (hint :f...)
flaunt;v. khoe khoang
florid;adj. bóng bẩy (nghĩa bóng), quá nhiều sự trang trí hay chi tiết
fortitude;n. sự ngoan cường (khi đối mặt khó khăn, sự đau đớn)
fortuitous;adj. tình cờ (nhất là một điều may mắn)
frivolous;adj. không nghiêm túc
furtive;adj. lén lút, bí mật
gratuitous;adj. không có lí do, mục đích gì, không cần thiết
gregarious;adj. thích giao lưu
gullible;adj. cả tin
hallowed;adj. linh thiêng
haughty;adj. kiêu căng, ngạo mạn
hiatus;n. quãng nghỉ
husbandry;n. việc sử dụng các nguồn lực một cách cẩn thận
hyperbole;n. lối nói cường điệu
hypocrite;n. kẻ đạo đức giả
idiosyncrasy;n. phong cách riêng (nhất là bất bình thường), đặc tính không bình thường
illusory;adj. không có thực, giả tạo
immutable;adj. không thể thay đổi được, bất biến
impasse;n. thế bế tắc
impede;v. cản trở, ngăn cản
imperious;adj. hống hách, độc đoán
impervious;adj. không cho chất lỏng, khí thấm hay đi qua được
impetuous;adj. bốc đồng
implacable;adj. không thể thay đổi được (hint :i...)
implausible;adj. đáng ngờ, không có vẻ hợp lý, có thật
impromptu;adj. ngẫu hứng, không có sự chuẩn bị trước
incense;v. làm ai nổi giận
incessant;adj. không dứt, liên miên
incipient;adj. chớm nở, mới bắt đầu
incisive;adj. sắc sảo, sâu sắc
incoherent;adj. rời rạc, không mạch lạc
incongruous;adj. kì lạ, và không phù hợp với một tình huống nào đó
inconsequential;adj. không quan trọng
inconspicuous;adj. kín đáo, không dễ thấy
indiscriminate;adj. thiếu suy nghĩ, bất cẩn
indulgent;adj. hay nuông chiều, hay chiều theo
inept;adj. không có khả năng, vụng về, ngu ngốc
inexorable;adj. không thể ngăn cản, thay đổi được
inimical;adj. có hại cho
innocuous;adj. không có hại, vô thưởng, vô phạt
innuendo;n. lời nói bóng nói gió, lời nói cạnh khóe
insatiable;adj. không thể thoả mãn được, không chán
inscrutable;adj. bí hiểm, khó hiểu (khó biết được suy nghĩ hay cảm xúc của họ)
insidious;adj. âm ỉ, ngấm ngầm (gây ra tác hại nghiêm trọng)
insolent;adj. xấc xược
insolvent;adj. vỡ nợ, phá sản
insurgent;n. người nổi loạn, nổi dậy
intractable;adj. khó giải quyết (vấn đề), bướng bỉnh (người)
intrepid;adj. gan dạ, dũng cảm
introspective;adj. hay tự xem xét nội tâm, hướng nội
irreverent;adj. thiếu tôn kính, bất kính
irrevocable;adj. không thể thay đổi được (hint :i...)
itinerant;adj. đi hết nơi này đến nơi khác, lưu động (hint :i...)
jaded;adj. mệt mỏi, chán ngấy
jubilant;adj. vui sướng, mừng rỡ
judicious;adj. sáng suốt, khôn ngoan, có suy xét
languid;adj. di chuyển chậm rãi, từ tốn
lethargy;n. trạng thái mê mệt, uể oải (hint :l...)
lithe;adj. mềm mại, uyển chuyển
lucid;adj. rõ ràng, dễ hiểu (hint :l...)
malaise;n. nỗi khó chịu, sự phiền muộn
malleable;adj. dễ uốn, dễ tạo hình
maverick;n. người cư xử hoặc suy nghĩ không như người khác, nhưng có những ý kiến độc lập, khác lạ.
meander;v. đi lang thang, đi vơ vẩn
mercurial;adj. hay thay đổi hoặc phản ứng một cách bất ngờ
milieu;n. môi trường xã hội (sống, làm việc)
misnomer;n. sự nhầm tên, sự dùng từ sai, sự dùng thuật ngữ sai
mitigate;v. giảm nhẹ, làm dịu bớt
moribund;adj. ở tình trạng rất tệ, sắp chết
morose;adj. buồn rầu, rầu rĩ, ủ ê
myopia;n. tật cận thị
negate;v. phủ nhận, bác bỏ
notoriety;n. tiếng xấu
noxious;adj. độc hại
oblique;adj. quanh co, không thẳng thắn
obliterate;v. xóa sạch dấu vết
opulent;adj. được làm, trang trí với chất liệu đắt tiền
ostentatious;adj. phô trương, khoe khoang
painstaking;adj. cần nhiều nỗ lực và sự tỉ mỉ
palpable;adj. có thể nhận thấy hay sờ mó được
paltry;adj. không đáng kể
panacea;n. thuốc bách bệnh, thần dược
paragon;n. người hoàn hảo hoặc là một mẫu mực của đức tính gì tốt đẹp
pathos;n. tính chất, sự cảm động
paucity;n. số lượng nhỏ, sự thiếu thốn
pedantic;adj. quá quan tâm về những chi tiết, quy tắc nhỏ nhặt
pejorative;adj. theo nghĩa xấu, phê phán
penchant;n. thiên hướng thích cái gì, sở thích
peremptory;adj. cưỡng bách
perfunctory;adj. chiếu lệ, đại khái
pernicious;adj. độc hại, nguy hiểm (nhất là một cách từ từ, không dễ nhận thấy)
petulant;adj. nóng nảy và quá đáng
philanthropy;n. hành động thương người, từ thiện
philistine;n. người không thích hoặc không am hiểu về nghệ thuật, văn học, âm nhạc...
pivotal;adj. then chốt, mấu chốt
placate;v. xoa dịu (ai), làm (ai) nguôi giận
placid;adj. bình thản, điềm tĩnh
platitude;n. lời nhận xét, câu phát biểu vô vị, tầm thường
plethora;n. (tình trạng) quá thừa, quá nhiều
polemical;adj. gây tranh cãi
ponderous;adj. rất nhàm chán và chậm chạp
posthumous;adj. (xảy ra, thực hiện, xuất bản...) sau khi ai đó chết
precept;n. châm ngôn
precipitous;adj. vội vàng, hấp tấp
precocious;adj. sớm phát triển, có một số khả năng được phát triển ở tuổi sớm hơn bình thường
predilection;n. sự ưa chuộng, sự ưa thích đặc biệt (cái gì)
pre-eminent;adj. vượt trội hơn, hơn hẳn
pretentious;adj. giả vờ, giả tạo
pristine;adj. nguyên sơ, còn mới nguyên, tươi, sạch sẽ như mới
prodigal;adj. hoang phí (tiền bạc, thời gian, tài nguyên...)
prodigious;adj. to lớn, lớn lao, phi thường
prodigy;n. thần đồng
profane;adj. báng bổ (thần thánh)
proliferate;v. tăng nhanh
propriety;n. sự đúng đắn, sự đúng mực
prosaic;adj. buồn tẻ, không thể hiện trí tưởng tượng
quiescent;adj. tĩnh lặng, không hoạt động
ramble;v. đi dạo chơi (nhất là ở nông thôn)
rant;v. nói, phàn nàn về điều gì một cách to tiếng và, hoặc giận dữ
ratify;v. phê chuẩn (hint :r...)
raucous;adj. khàn khàn, to và khàn
recalcitrant;adj. ương ngạnh, cứng đầu
recluse;n. người sống ẩn dật
recrimination;n. sự buộc tội, tố cáo lẫn nhau
refute;v. bác bỏ, chứng minh điều gì là sai
relinquish;v. từ bỏ, buông thả
renegade;n. kẻ phản bội (phản đảng, phản đạo)
renounce;v. công khai từ bỏ một danh hiệu, chức vụ
repudiate;v. từ chối, cự tuyệt, bác bỏ
rescind;v. bãi bỏ (luật, hợp đồng, quyết định...)
resilient;adj. kiên cường, nhanh chóng phục hồi sau một cú sốc hoặc chấn thương...
resolute;adj. cương quyết, quyết tâm cao
resplendent;adj. rực rỡ, lộng lẫy
reticent;adj. kín đáo trong lời nói, ít nói
salutary;adj. có lợi, có ảnh hưởng tốt với (mặc dù đôi lúc dường như không thoải mái)
sanguine;adj. lạc quan, đầy hy vọng
scrupulous;adj. đắn đo, thận trọng
serene;adj. yên lặng, thanh bình
servile;adj. hoàn toàn lệ thuộc, mù quáng (nghĩa bóng)
slander;n. sự vu khống, lời vu cáo
solace;n. sự, niềm an ủi
squalor;n. tình trạng bẩn thỉu và khó chịu
stanza;n. đoạn thơ, khổ thơ
strident;adj. điếc tai, đinh tai nhức óc
strut;v. đi khệnh khạng, nghênh ngang
substantiate;v. chứng minh
succinct;adj. ngắn gọn, cô đọng
tactile;adj. (thuộc) xúc giác, sờ mó được
tantamount;adj. đồng nghĩa với, tương đương với
tenable;adj. có thể đứng vững, bảo vệ được (nghĩa bóng)
tenacious;adj. bền bỉ, ngoan cường, quyết tâm
terse;adj. ngắn gọn, cụt ngủn (thường có vẻ không lịch sự, thân thiện)
thwart;v. cản trở (hint :t...)
tirade;n. một tràng, diễn văn đả kích
tout;v. tâng bốc, khen ngợi
transcend;v. vượt qua, hơn
trepidation;n. sự lo lắng, sợ hãi rất lớn
trite;adj. sáo, nhàm chán (bởi vì đã được lặp lại nhiều lần), không phải nguyên gốc
unconventional;adj. trái với thói thường, độc đáo
undaunted;adj. không nản chí, không bị khuất phục
understatement;n. sự nói bớt, sự nói giảm đi
unwarranted;adj. không chính đáng, không phù hợp
unwitting;adj. vô tình, không chủ tâm
urbane;adj. biết cách cư xử, thoải mái và tự tin
variegated;adj. có đốm màu khác nhau, lẫn màu
vehement;adj. kịch liệt, dữ dội
vicarious;adj. trải qua một cách gián tiếp (xem hoặc đọc), do người khác làm
vindictive;adj. hay báo thù, thù oán
virtuoso;n. bậc thầy về (nhất là chơi nhạc cụ)
virulent;adj. cực kì nguy hiểm, có hại và có ảnh hưởng rất nhanh
voluminous;adj. rất lớn
whimsical;adj. kỳ quái, kỳ dị
wilful;adj. cố ý
wistful;adj. tiếc nuối, buồn bã (nhất là điều gì trong quá khứ)
zealot;n. người cuồng tín, quá khích (nhất là trong tôn giáo hoặc chính trị)
abate;v. (làm) dịu đi, yếu đi, giảm bớt
abhor;v. ghê tởm, ghét cay ghét đắng
abridge;v. rút ngắn lại, cắt bớt (sách, vở kịch,...)
abstemious;adj. tiết chế, có điều độ
abstruse;adj. khó hiểu (hint :a...)
acerbic;adj. phê bình một cách chua chát, gay gắt
acolyte;n. người đi theo và giúp đỡ một thủ lĩnh, lãnh đạo
acquiesce;v. bằng lòng, ưng thuận, đồng ý, bằng lòng ngầm, mặc nhận
admonish;v. khiển trách, la rầy
adroit;adj. khéo léo (nhất là trong giao tiếp với người khác)
ameliorate;v. cải thiện điều gì
antediluvian;adj. cũ kỹ, không hợp thời
assiduous;adj. chuyên cần, siêng năng
assuage;v. làm dịu bớt, làm khuây (nỗi đau buồn)
avuncular;adj. cư xử như bác, chú, tốt bụng
bane;n. điều gây ra rắc rối, buồn phiền cho ai
belabour;v. lặp đi lặp lại một điều gì (nhằm nhấn mạnh, nhất là khi nó đã được đề cập hoặc được hiểu)
belie;v. tạo ra ấn tượng sai về ai, điều gì
belittle;v. coi nhẹ, xem thường
bellicose;adj. hiếu chiến, hay gây gỗ
bemoan;v. phàn nàn về, than vãn
bequeath;v. để lại (bằng chúc thư)
blithe;adj. vô tư, không lo lắng
bombast;n. lời nói khoa trương
boorish;adj. thô lỗ
braggart;n. người khoe khoang khoác lác
broach;v. bắt đầu (cuộc thảo luận...), đề cập (một vấn đề...)
bucolic;adj. (thuộc) thôn quê, cuộc sống nông thôn
burgeon;v. bắt đầu lớn lên, phát triển nhanh chóng
cacophony;n. tiếng lộn xộn chối tai
cajole;v. dụ dỗ, nịnh nọt
callow;adj. non nớt (nghĩa bóng), không có kinh nghiệm
cantankerous;adj. nóng tính, hay phàn nàn
capitulate;v. đầu hàng, nhượng bộ
castigate;v. chỉ trích ai, điều gì một cách nghiêm khắc
catharsis;n. quá trình giải phóng cảm xúc mạnh mẽ (qua hoạt động nghệ thuật)
censorious;adj. đầy khiển trách, phê bình
certitude;n. sự chắc chắn, sự tin chắc
chicanery;n. việc dùng mánh khóe, sự nói chuyện khôn khéo để lừa gạt người khác
choleric;adj. hay cáu, nóng tính
circuitous;adj. loanh quanh, lòng vòng
circumlocution;n. sự nói, viết dài dòng và quanh co
clairvoyance;n. khả năng tiên đoán sự việc hoặc giao tiếp với người đã khuất hay ở xa
clemency;n. sự khoan hồng, lòng khoan dung
coalesce;v. hợp lại, hợp nhất
condescend;v. hạ cố, chiếu cố
conflagration;n. vụ cháy lớn
consecrate;v. dùng cho mục đích tôn giáo
contrite;adj. ăn năn, hối hận
convivial;adj. vui tươi, thân thiện (bầu không khí, tính cách)
corroborate;v. chứng thực, làm vững thêm (ý kiến, lí thuyết...)
covet;v. thèm thuồng, thèm muốn
credulity;n. sự tin tưởng vào điều gì là có thật
credulous;adj. cả tin, nhẹ dạ
daunt;v. làm nản chí
debilitate;v. làm cơ thể, trí tuệ ai đó yếu đi
debunk;v. vạch trần, lật tẩy
decorous;adj. phải phép, đúng mực
defame;v. nói xấu, phỉ báng, làm mất danh dự
delineate;v. định hình, phát thảo
demagogue;n. (chính trị gia, người cầm quyền) kẻ mị dân
depravity;n. tình trạng suy đồi, sự sa đoạ
deprecate;v. phản đối mạnh, không tán thành
deride;v. cười nhạo, chế giễu
despot;n. kẻ chuyên quyền, kẻ bạo ngược
dexterous;adj. khéo léo, được làm một cách thành thục
digress;v. lạc đề
dilatory;adj. chậm trễ, trì hoãn
dilettante;n. người không chuyên sâu (không tập trung đi sâu vào cái gì), nghiệp dư
dirge;n. bài hát truy điệu, bài hát khóc thương ai đó qua đời
disingenuous;adj. không thành thật (nhất là khi bạn giả vờ không biết điều gì đó)
disparage;v. xem thường, miệt thị
droll;adj. khôi hài, như trò hề (hint :d...)
edify;v. mở mang trí óc (ai), soi sáng ai (nghĩa bóng)
efface;v. xoá bỏ
effusive;adj. dạt dào (tình cảm...)
egoism;n. tính ích kỷ
egregious;adj. cực kì xấu xa, tệ
embellish;v. tô điểm, làm đẹp thêm
empathetic;adj. có sự đồng cảm, thông cảm
enervate;v. làm ai yếu và mệt đi
enfranchise;v. cho ai được quyền bầu cử
enumerate;v. liệt kê
epicure;n. người sành ăn uống
equivocate;v. nói lập lờ, nói nước đôi
erudite;adj. học rộng, uyên bác
erudition;n. kiến thức uyên bác
espouse;v. tán thành, ủng hộ (niềm tin, chính sách...)
eulogy;n. bài tán dương, bài ca tụng
evanescent;adj. chóng phai mờ
exalt;v. ca ngợi
exasperate;v. làm ai bực tức, phát cáu
exhort;v. hô hào, cổ vũ, khích lệ
exonerate;v. giải, miễn tội cho (ai) (một cách chính thức)
expedite;v. xúc tiến, đẩy nhanh
extol;v. tán dương, khen ngợi
extrapolate;v. suy ra, dự đoán dựa trên dữ liệu đã biết
fabricate;v. bịa đặt
facetious;adj. cố gắng tỏ ra đùa cợt (một cách không phù hợp, không đúng lúc)
fallacious;adj. sai lầm, lầm lạc
fatuous;adj. ngu ngốc
fecund;adj. mắn đẻ, sai quả, màu mỡ (đất)
fitful;adj. chập chờn, không liên tục
flippant;adj. thiếu nghiêm trang, khiếm nhã
flout;v. coi thường (luật pháp,...)
forsake;v. bỏ rơi, từ bỏ
frugal;adj. tiết kiệm
galvanize;v. kích động, khích động ai
garrulous;adj. nói nhiều, lắm mồm
germane;adj. phù hợp, có liên quan với
guile;n. sự lừa đảo, thủ đoạn
hackneyed;adj. nhàm, được dùng quá nhiều
hedonism;n. chủ nghĩa khoái lạc
histrionic;adj. đạo đức giả, có vẻ đóng kịch
hone;v. mài dũa
hubris;n. sự ngạo mạn, sự kiêu căng
iconoclast;n. (nghĩa bóng) người đả phá những tín ngưỡng lâu đời
ignominious;adj. nhục nhã
ignominy;n. sự nhục nhã, sự ô nhục
impecunious;adj. nghèo, túng thiếu
inane;adj. ngu ngốc, ngớ ngẩn, vô nghĩa
inaugurate;v. khai mạc, tấn phong
incantation;n. câu thần chú, sự niệm thần chú
incontrovertible;adj. không thể chối cãi, hiển nhiên
incorrigible;adj. (có những thói xấu) không thể thay đổi hay cải thiện được
indelible;adj. không thể quên hay xóa bỏ
indigent;adj. rất nghèo (hint :i...)
indolent;adj. lười biếng, biếng nhác
indomitable;adj. bất khuất, dũng cảm và kiên định
ineffable;adj. tuyệt vời, đẹp không diễn tả bằng lời được
infinitesimal;adj. cực kì nhỏ
ingenuous;adj. trung thực, ngây thơ
insightful;adj. sâu sắc, sáng suốt
insipid;adj. vô vị, nhạt nhẽo
instigate;v. xúi giục, kích động
intransigent;adj. ngoan cố
inundate;v. làm ngập nước
inveterate;adj. thâm căn cố đế, ăn sâu (tật...), lâu năm (bệnh)
irascible;adj. dễ nổi nóng
irreproachable;adj. không thể chê trách được
irresolute;adj. thiếu quả quyết, do dự
jeopardize;v. gây nguy hiểm, đe dọa
jocular;adj. hài hước
juxtapose;v. để cạnh nhau (thể hiện sự tương phản hay mối quan hệ mới giữa chúng)
kindle;v. bốc cháy, đốt, nhen, nhóm (lửa...)
lackadaisical;adj. thiếu quan tâm hay nhiệt tình
laconic;adj. vắn tắt, súc tích
lampoon;v. đả kích, châm biếm
languish;v. suy yếu
largesse;n. sự hào phóng, tiền bố thí
lassitude;n. sự mệt mỏi, sự uể oải
laud;v. ca ngợi, khen ngợi
levity;n. sự coi nhẹ, khinh suất
loquacious;adj. nói nhiều
lugubrious;adj. sầu thảm, bi thảm
magnanimous;adj. hào hiệp, cao thượng (nhất là với kẻ thù, đối thủ)
maladroit;adj. vụng về, không khôn khéo
malinger;v. giả ốm để trốn việc
martinet;n. người theo kỷ luật chặt chẽ
maudlin;adj. lè nhè, đặc biệt khi say
mellifluous;adj. ngọt ngào, dễ nghe (giọng nói, lời nói)
mendacious;adj. sai sự thật, dối trá
misanthrope;n. kẻ ghét mọi người và tránh xa xã hội loài người, kẻ ghét đời
modicum;n. số lượng ít ỏi, số lượng nhỏ, chút ít
mollify;v. làm dịu đi, xoa dịu (cơn giận, sự đau buồn)
munificent;adj. cực kì hào phóng
nebulous;adj. không rõ ràng
nefarious;adj. hung ác, bất chính
neologism;n. từ, cụm từ mới, nghĩa mới của một từ
nihilism;n. thuyết hư vô (tin rằng mọi thứ đều không có giá trị gì)
nonchalant;n. bình thản, thản nhiên
nondescript;adj. không có đặc điểm gì đặc biệt hoặc thú vị, bình thường
nonentity;n. người không có phẩm chất gì đặc biệt, không đạt được điều gì quan trọng
nullify;v. huỷ bỏ, vô hiệu hóa (làm mất đi hiệu lực pháp lí)
obdurate;adj. ngoan cố, bướng bỉnh
obfuscate;v. (cố tình) làm điều gì trở nên khó hiểu
obsequious;adj. khúm núm, quỵ lụy, xun xoe
obstreperous;adj. om sòm, ầm ĩ
obtrusive;adj. gây khó chịu, dễ nhận thấy một cách khó chịu
obtuse;adj. chậm hiểu, không muốn hiểu
officious;adj. hay lăng xăng, nhiễu sự
omnipotent;adj. toàn năng, có thể làm bất cứ điều gì
overwrought;adj. rất lo lâu, cuống cuồng
parsimonious;adj. dè sẻn, bủn xỉn
parsimony;n. sự hà tiện, bủn xỉn
patronize;v. bảo trợ, đỡ đầu
peccadillo;n. lỗi nhỏ
pensive;adj. trầm ngâm, đăm chiêu (nhất là vì chán hay lo lắng)
perfidy;n. sự bội bạc, phản bội
peripatetic;adj. đi hết nơi này đến nơi khác, lưu động (hint :p...)
perjury;n. tội khai man trước toà
perturb;v. khiến ai lo lắng
peruse;v. đọc kỹ, nghiên cứu
phlegmatic;adj. điềm tĩnh
pliant;adj. linh động, dễ ảnh hưởng hoặc kiểm soát
polarize;v. phân cực (nghĩa bóng), hình thành hai nhóm xung đột, hoàn toàn đối lập với nhau (quan điểm..)
portent;n. điềm báo
prattle;v. nói chuyện tầm phào, nói vớ vẩn
prescient;adj. (dường như) biết trước chuyện sẽ xảy ra, tiên tri
presumptuous;adj. tự phụ, quá tự tin
proclivity;n. khuynh hướng (làm hoặc cảm thấy điều gì, thường là không tốt)
procrastinate;v. trì hoãn, chần chừ
profligate;adj. phung phí, trác táng
profundity;n. sự sâu sắc, chiều sâu (nghĩa bóng)
propitious;adj. thuận lợi, có khả năng tạo ra kết quả tốt
proscribe;v. cấm, bài trừ
protean;adj. hay thay đổi
punctilious;adj. cẩn thận trong việc cư xử cho đúng hoặc thực hiện nhiệm vụ một cách chính xác
quandary;n. tình thế khó xử
querulous;adj. hay than phiền, cáu kỉnh, bực mình
quixotic;adj. viển vông
rancour;n. sự thù oán, ác ý
raze;v. san bằng, phá trụi
rebut;v. bác bỏ (câu nói của người nào, sự chỉ trích...)
recant;v. công khai rút lui (ý kiến, niềm tin mà bạn có trước đó)
reciprocate;v. đáp lại (tình cảm)
rectitude;n. thái độ đúng đắn, tính ngay thẳng
redolent;adj. sực mùi, thơm phức
relegate;v. giáng chức, giao cho ai một vị trí, cấp bậc kém quan trọng hơn trước
remiss;adj. cẩu thả, chểnh mảng
replete;adj. tràn đầy, có đầy
reprehensible;adj. đáng chỉ trích
reprobate;n. kẻ vô lại
reprove;v. khiển trách
retraction;n. sự rút lại (lời đã nói, viết trước đó là không đúng)
revere;v. tôn kính, kính trọng
reverent;adj. tôn kính, kính trọng
ruminate;v. ngẫm nghĩ về điều gì
sacrosanct;adj. rất quan trọng (không thể thay đổi hay nghi ngờ)
sagacious;adj. khôn ngoan, sắc sảo
sanctimonious;adj. đạo đức giả
scrutinize;v. xem xét kĩ lưỡng
serendipity;n. sự may mắn, vận may
skeptic;n. người hay hoài nghi, người theo chủ nghĩa hoài nghi
skeptical;adj. hoài nghi
solicit;v. xin ai điều gì (sự hỗ trợ, tiền bạc, thông tin...), cố gắng có được hoặc thuyết phục ai làm gì
solicitous;adj. ân cần, rất quan tâm đến ai
sophistry;n. sự nguỵ biện
soporific;adj. gây buồn ngủ
specious;adj. có vẻ hợp lý
squander;v. phung phí, hoang phí
steadfast;adj. kiên định, trước sau như một
stigmatize;v. bêu xấu (ai), làm ô danh
stoic;n. người có thể chịu đựng nỗi đau hoặc rắc rối mà không phàn nàn hay thể hiện cảm xúc
stoicism;n. chủ nghĩa Stôic (chịu đựng đau đớn, khó khăn mà không than phiền hay thể hiện ra)
stymie;v. cản trở, ngăn chặn
supercilious;adj. kiêu kỳ, khinh khỉnh
supplant;v. thay thế (nhất là điều gì, ai già hơn hay kém hiện đại hơn)
surfeit;n. một lượng quá nhiều
surreptitious;adj. bí mật, lén lút
sycophant;n. người nịnh hót, người bợ đỡ
taciturn;adj. ít nói, lầm lì, không cởi mở
tangential;adj. thuộc tiếp tuyến
torpor;n. trạng thái mê mệt, uể oải (hint :t...)
tractable;adj. dễ xử lí, dễ kiểm soát
transgress;v. vi phạm, vượt quá giới hạn cho phép (đạo đức hoặc pháp luật)
turpitude;n. việc làm xấu xa
uncouth;adj. thô lỗ, bất lịch sự
unctuous;adj. (nghĩa bóng) ngọt xớt (lời nói)
underscore;v. nhấn mạnh
unflappable;adj. bình tĩnh, không nao núng trong tình huống khó khăn
upbraid;v. trách mắng
usurp;v. chiếm đoạt (vị trí, quyền lực của ai)
vacillate;v. do dự, dao động
vapid;adj. nhạt nhẽo, không hứng thú
venal;adj. dễ mua chuộc, dễ hối lộ
venerate;v. sùng kính, coi như là thiêng liêng, tôn kính
veracity;n. tính xác thực, sự trung thực
verbose;adj. dài dòng
vignette;n. đoản văn, đoạn kịch ngắn (mô tả cái gì, tính cách của một con người..)
vilify;v. gièm pha, nói xấu
vindicate;v. chứng minh, bào chữa, minh oan
vitriolic;adj. đầy căm giận, cay độc (nghĩa bóng)
voluble;adj. Lưu loát, trơn tru, trôi chảy
voracious;adj. tham ăn, phàm ăn